date,ticker,action,amount,holdings_after
2020-12-11 05:00:00,COR,BUY,3448.2758620689656,"COR, CCI, CRM, CBOE, BKNG, ANET, CCL, ADBE, AAPL, AMD, CPRT, AJG, BR, AES, CMI, AVY, CARR, CDNS, AMZN, CE, AME, ANSS, AMP, CL, COST, AMAT, ABT, CLX, AIZ"
2020-12-11 05:00:00,CCI,BUY,3448.2758620689656,"COR, CCI, CRM, CBOE, BKNG, ANET, CCL, ADBE, AAPL, AMD, CPRT, AJG, BR, AES, CMI, AVY, CARR, CDNS, AMZN, CE, AME, ANSS, AMP, CL, COST, AMAT, ABT, CLX, AIZ"
2020-12-11 05:00:00,CRM,BUY,3448.2758620689656,"COR, CCI, CRM, CBOE, BKNG, ANET, CCL, ADBE, AAPL, AMD, CPRT, AJG, BR, AES, CMI, AVY, CARR, CDNS, AMZN, CE, AME, ANSS, AMP, CL, COST, AMAT, ABT, CLX, AIZ"
2020-12-11 05:00:00,CBOE,BUY,3448.2758620689656,"COR, CCI, CRM, CBOE, BKNG, ANET, CCL, ADBE, AAPL, AMD, CPRT, AJG, BR, AES, CMI, AVY, CARR, CDNS, AMZN, CE, AME, ANSS, AMP, CL, COST, AMAT, ABT, CLX, AIZ"
2020-12-11 05:00:00,BKNG,BUY,3448.2758620689656,"COR, CCI, CRM, CBOE, BKNG, ANET, CCL, ADBE, AAPL, AMD, CPRT, AJG, BR, AES, CMI, AVY, CARR, CDNS, AMZN, CE, AME, ANSS, AMP, CL, COST, AMAT, ABT, CLX, AIZ"
2020-12-11 05:00:00,ANET,BUY,3448.2758620689656,"COR, CCI, CRM, CBOE, BKNG, ANET, CCL, ADBE, AAPL, AMD, CPRT, AJG, BR, AES, CMI, AVY, CARR, CDNS, AMZN, CE, AME, ANSS, AMP, CL, COST, AMAT, ABT, CLX, AIZ"
2020-12-11 05:00:00,CCL,BUY,3448.2758620689656,"COR, CCI, CRM, CBOE, BKNG, ANET, CCL, ADBE, AAPL, AMD, CPRT, AJG, BR, AES, CMI, AVY, CARR, CDNS, AMZN, CE, AME, ANSS, AMP, CL, COST, AMAT, ABT, CLX, AIZ"
2020-12-11 05:00:00,ADBE,BUY,3448.2758620689656,"COR, CCI, CRM, CBOE, BKNG, ANET, CCL, ADBE, AAPL, AMD, CPRT, AJG, BR, AES, CMI, AVY, CARR, CDNS, AMZN, CE, AME, ANSS, AMP, CL, COST, AMAT, ABT, CLX, AIZ"
2020-12-11 05:00:00,AAPL,BUY,3448.2758620689656,"COR, CCI, CRM, CBOE, BKNG, ANET, CCL, ADBE, AAPL, AMD, CPRT, AJG, BR, AES, CMI, AVY, CARR, CDNS, AMZN, CE, AME, ANSS, AMP, CL, COST, AMAT, ABT, CLX, AIZ"
2020-12-11 05:00:00,AMD,BUY,3448.2758620689656,"COR, CCI, CRM, CBOE, BKNG, ANET, CCL, ADBE, AAPL, AMD, CPRT, AJG, BR, AES, CMI, AVY, CARR, CDNS, AMZN, CE, AME, ANSS, AMP, CL, COST, AMAT, ABT, CLX, AIZ"
2020-12-11 05:00:00,CPRT,BUY,3448.2758620689656,"COR, CCI, CRM, CBOE, BKNG, ANET, CCL, ADBE, AAPL, AMD, CPRT, AJG, BR, AES, CMI, AVY, CARR, CDNS, AMZN, CE, AME, ANSS, AMP, CL, COST, AMAT, ABT, CLX, AIZ"
2020-12-11 05:00:00,AJG,BUY,3448.2758620689656,"COR, CCI, CRM, CBOE, BKNG, ANET, CCL, ADBE, AAPL, AMD, CPRT, AJG, BR, AES, CMI, AVY, CARR, CDNS, AMZN, CE, AME, ANSS, AMP, CL, COST, AMAT, ABT, CLX, AIZ"
2020-12-11 05:00:00,BR,BUY,3448.2758620689656,"COR, CCI, CRM, CBOE, BKNG, ANET, CCL, ADBE, AAPL, AMD, CPRT, AJG, BR, AES, CMI, AVY, CARR, CDNS, AMZN, CE, AME, ANSS, AMP, CL, COST, AMAT, ABT, CLX, AIZ"
2020-12-11 05:00:00,AES,BUY,3448.2758620689656,"COR, CCI, CRM, CBOE, BKNG, ANET, CCL, ADBE, AAPL, AMD, CPRT, AJG, BR, AES, CMI, AVY, CARR, CDNS, AMZN, CE, AME, ANSS, AMP, CL, COST, AMAT, ABT, CLX, AIZ"
2020-12-11 05:00:00,CMI,BUY,3448.2758620689656,"COR, CCI, CRM, CBOE, BKNG, ANET, CCL, ADBE, AAPL, AMD, CPRT, AJG, BR, AES, CMI, AVY, CARR, CDNS, AMZN, CE, AME, ANSS, AMP, CL, COST, AMAT, ABT, CLX, AIZ"
2020-12-11 05:00:00,AVY,BUY,3448.2758620689656,"COR, CCI, CRM, CBOE, BKNG, ANET, CCL, ADBE, AAPL, AMD, CPRT, AJG, BR, AES, CMI, AVY, CARR, CDNS, AMZN, CE, AME, ANSS, AMP, CL, COST, AMAT, ABT, CLX, AIZ"
2020-12-11 05:00:00,CARR,BUY,3448.2758620689656,"COR, CCI, CRM, CBOE, BKNG, ANET, CCL, ADBE, AAPL, AMD, CPRT, AJG, BR, AES, CMI, AVY, CARR, CDNS, AMZN, CE, AME, ANSS, AMP, CL, COST, AMAT, ABT, CLX, AIZ"
2020-12-11 05:00:00,CDNS,BUY,3448.2758620689656,"COR, CCI, CRM, CBOE, BKNG, ANET, CCL, ADBE, AAPL, AMD, CPRT, AJG, BR, AES, CMI, AVY, CARR, CDNS, AMZN, CE, AME, ANSS, AMP, CL, COST, AMAT, ABT, CLX, AIZ"
2020-12-11 05:00:00,AMZN,BUY,3448.2758620689656,"COR, CCI, CRM, CBOE, BKNG, ANET, CCL, ADBE, AAPL, AMD, CPRT, AJG, BR, AES, CMI, AVY, CARR, CDNS, AMZN, CE, AME, ANSS, AMP, CL, COST, AMAT, ABT, CLX, AIZ"
2020-12-11 05:00:00,CE,BUY,3448.2758620689656,"COR, CCI, CRM, CBOE, BKNG, ANET, CCL, ADBE, AAPL, AMD, CPRT, AJG, BR, AES, CMI, AVY, CARR, CDNS, AMZN, CE, AME, ANSS, AMP, CL, COST, AMAT, ABT, CLX, AIZ"
2020-12-11 05:00:00,AME,BUY,3448.2758620689656,"COR, CCI, CRM, CBOE, BKNG, ANET, CCL, ADBE, AAPL, AMD, CPRT, AJG, BR, AES, CMI, AVY, CARR, CDNS, AMZN, CE, AME, ANSS, AMP, CL, COST, AMAT, ABT, CLX, AIZ"
2020-12-11 05:00:00,ANSS,BUY,3448.2758620689656,"COR, CCI, CRM, CBOE, BKNG, ANET, CCL, ADBE, AAPL, AMD, CPRT, AJG, BR, AES, CMI, AVY, CARR, CDNS, AMZN, CE, AME, ANSS, AMP, CL, COST, AMAT, ABT, CLX, AIZ"
2020-12-11 05:00:00,AMP,BUY,3448.2758620689656,"COR, CCI, CRM, CBOE, BKNG, ANET, CCL, ADBE, AAPL, AMD, CPRT, AJG, BR, AES, CMI, AVY, CARR, CDNS, AMZN, CE, AME, ANSS, AMP, CL, COST, AMAT, ABT, CLX, AIZ"
2020-12-11 05:00:00,CL,BUY,3448.2758620689656,"COR, CCI, CRM, CBOE, BKNG, ANET, CCL, ADBE, AAPL, AMD, CPRT, AJG, BR, AES, CMI, AVY, CARR, CDNS, AMZN, CE, AME, ANSS, AMP, CL, COST, AMAT, ABT, CLX, AIZ"
2020-12-11 05:00:00,COST,BUY,3448.2758620689656,"COR, CCI, CRM, CBOE, BKNG, ANET, CCL, ADBE, AAPL, AMD, CPRT, AJG, BR, AES, CMI, AVY, CARR, CDNS, AMZN, CE, AME, ANSS, AMP, CL, COST, AMAT, ABT, CLX, AIZ"
2020-12-11 05:00:00,AMAT,BUY,3448.2758620689656,"COR, CCI, CRM, CBOE, BKNG, ANET, CCL, ADBE, AAPL, AMD, CPRT, AJG, BR, AES, CMI, AVY, CARR, CDNS, AMZN, CE, AME, ANSS, AMP, CL, COST, AMAT, ABT, CLX, AIZ"
2020-12-11 05:00:00,ABT,BUY,3448.2758620689656,"COR, CCI, CRM, CBOE, BKNG, ANET, CCL, ADBE, AAPL, AMD, CPRT, AJG, BR, AES, CMI, AVY, CARR, CDNS, AMZN, CE, AME, ANSS, AMP, CL, COST, AMAT, ABT, CLX, AIZ"
2020-12-11 05:00:00,CLX,BUY,3448.2758620689656,"COR, CCI, CRM, CBOE, BKNG, ANET, CCL, ADBE, AAPL, AMD, CPRT, AJG, BR, AES, CMI, AVY, CARR, CDNS, AMZN, CE, AME, ANSS, AMP, CL, COST, AMAT, ABT, CLX, AIZ"
2020-12-14 05:00:00,AMD,SELL,119.20716805184475,"COR, CCI, CRM, CBOE, BKNG, ANET, CCL, ADBE, AAPL, AMD, CPRT, AJG, BR, AES, CMI, AVY, CARR, CDNS, AMZN, CE, AME, ANSS, AMP, CL, COST, AMAT, ABT, CLX, AIZ"
2020-12-14 05:00:00,AIZ,BUY,3446.833052427114,"COR, CCI, CRM, CBOE, BKNG, ANET, CCL, ADBE, AAPL, AMD, CPRT, AJG, BR, AES, CMI, AVY, CARR, CDNS, AMZN, CE, AME, ANSS, AMP, CL, COST, AMAT, ABT, CLX, AIZ"
2020-12-15 05:00:00,CBOE,SELL,146.097054958826,"COR, CCI, CRM, CBOE, BKNG, ANET, CCL, ADBE, AAPL, AMD, CPRT, AJG, BR, AES, CMI, AVY, CARR, CDNS, AMZN, CE, AME, ANSS, AMP, CL, COST, AMAT, ABT, CLX, AIZ"
2020-12-15 05:00:00,AAPL,SELL,107.25616448557184,"COR, CCI, CRM, CBOE, BKNG, ANET, CCL, ADBE, AAPL, AMD, CPRT, AJG, BR, AES, CMI, AVY, CARR, CDNS, AMZN, CE, AME, ANSS, AMP, CL, COST, AMAT, ABT, CLX, AIZ"
2020-12-15 05:00:00,AES,SELL,137.40100691857515,"COR, CCI, CRM, CBOE, BKNG, ANET, CCL, ADBE, AAPL, AMD, CPRT, AJG, BR, AES, CMI, AVY, CARR, CDNS, AMZN, CE, AME, ANSS, AMP, CL, COST, AMAT, ABT, CLX, AIZ"
2020-12-16 05:00:00,CCI,BUY,135.26820748261298,"COR, CCI, CRM, CBOE, BKNG, ANET, CCL, ADBE, AAPL, AMD, CPRT, AJG, BR, AES, CMI, AVY, CARR, CDNS, AMZN, CE, AME, ANSS, AMP, CL, COST, AMAT, ABT, CLX, AIZ"
2020-12-16 05:00:00,AJG,SELL,129.7473458336808,"COR, CCI, CRM, CBOE, BKNG, ANET, CCL, ADBE, AAPL, AMD, CPRT, AJG, BR, AES, CMI, AVY, CARR, CDNS, AMZN, CE, AME, ANSS, AMP, CL, COST, AMAT, ABT, CLX, AIZ"
2020-12-16 05:00:00,CDNS,SELL,142.75471071225184,"COR, CCI, CRM, CBOE, BKNG, ANET, CCL, ADBE, AAPL, AMD, CPRT, AJG, BR, AES, CMI, AVY, CARR, CDNS, AMZN, CE, AME, ANSS, AMP, CL, COST, AMAT, ABT, CLX, AIZ"
2020-12-16 05:00:00,AME,BUY,104.02139608544348,"COR, CCI, CRM, CBOE, BKNG, ANET, CCL, ADBE, AAPL, AMD, CPRT, AJG, BR, AES, CMI, AVY, CARR, CDNS, AMZN, CE, AME, ANSS, AMP, CL, COST, AMAT, ABT, CLX, AIZ"
2020-12-16 05:00:00,COST,BUY,109.44730274130825,"COR, CCI, CRM, CBOE, BKNG, ANET, CCL, ADBE, AAPL, AMD, CPRT, AJG, BR, AES, CMI, AVY, CARR, CDNS, AMZN, CE, AME, ANSS, AMP, CL, COST, AMAT, ABT, CLX, AIZ"
2020-12-17 05:00:00,AMP,BUY,107.95653733461677,"COR, CCI, CRM, CBOE, BKNG, ANET, CCL, ADBE, AAPL, AMD, CPRT, AJG, BR, AES, CMI, AVY, CARR, CDNS, AMZN, CE, AME, ANSS, AMP, CL, COST, AMAT, ABT, CLX, AIZ"
2020-12-17 05:00:00,AMAT,BUY,108.80482583811863,"COR, CCI, CRM, CBOE, BKNG, ANET, CCL, ADBE, AAPL, AMD, CPRT, AJG, BR, AES, CMI, AVY, CARR, CDNS, AMZN, CE, AME, ANSS, AMP, CL, COST, AMAT, ABT, CLX, AIZ"
2020-12-18 05:00:00,ADBE,SELL,112.24680044383285,"COR, CCI, CRM, CBOE, BKNG, ANET, CCL, ADBE, AAPL, AMD, CPRT, AJG, BR, AES, CMI, AVY, CARR, CDNS, AMZN, CE, AME, ANSS, AMP, CL, COST, AMAT, ABT, CLX, AIZ"
2020-12-18 05:00:00,CDNS,SELL,158.80888394783324,"COR, CCI, CRM, CBOE, BKNG, ANET, CCL, ADBE, AAPL, AMD, CPRT, AJG, BR, AES, CMI, AVY, CARR, CDNS, AMZN, CE, AME, ANSS, AMP, CL, COST, AMAT, ABT, CLX, AIZ"
2020-12-18 05:00:00,ANSS,SELL,149.08325494613064,"COR, CCI, CRM, CBOE, BKNG, ANET, CCL, ADBE, AAPL, AMD, CPRT, AJG, BR, AES, CMI, AVY, CARR, CDNS, AMZN, CE, AME, ANSS, AMP, CL, COST, AMAT, ABT, CLX, AIZ"
2020-12-21 05:00:00,CCL,BUY,106.91484625382645,"COR, CCI, CRM, CBOE, BKNG, ANET, CCL, ADBE, AAPL, AMD, CPRT, AJG, BR, AES, CMI, AVY, CARR, CDNS, AMZN, CE, AME, ANSS, AMP, CL, COST, AMAT, ABT, CLX, AIZ"
2020-12-21 05:00:00,AMD,BUY,122.67385087822913,"COR, CCI, CRM, CBOE, BKNG, ANET, CCL, ADBE, AAPL, AMD, CPRT, AJG, BR, AES, CMI, AVY, CARR, CDNS, AMZN, CE, AME, ANSS, AMP, CL, COST, AMAT, ABT, CLX, AIZ"
2020-12-22 05:00:00,COR,SELL,139.07167505271673,"COR, CCI, CRM, CBOE, BKNG, ANET, CCL, ADBE, AAPL, AMD, CPRT, AJG, BR, AES, CMI, AVY, CARR, CDNS, AMZN, CE, AME, ANSS, AMP, CL, COST, AMAT, ABT, CLX, AIZ"
2020-12-22 05:00:00,BKNG,BUY,127.39945999473503,"COR, CCI, CRM, CBOE, BKNG, ANET, CCL, ADBE, AAPL, AMD, CPRT, AJG, BR, AES, CMI, AVY, CARR, CDNS, AMZN, CE, AME, ANSS, AMP, CL, COST, AMAT, ABT, CLX, AIZ"
2020-12-22 05:00:00,ANET,SELL,100.2852892416904,"COR, CCI, CRM, CBOE, BKNG, ANET, CCL, ADBE, AAPL, AMD, CPRT, AJG, BR, AES, CMI, AVY, CARR, CDNS, AMZN, CE, AME, ANSS, AMP, CL, COST, AMAT, ABT, CLX, AIZ"
2020-12-22 05:00:00,CCL,BUY,210.99407834971953,"COR, CCI, CRM, CBOE, BKNG, ANET, CCL, ADBE, AAPL, AMD, CPRT, AJG, BR, AES, CMI, AVY, CARR, CDNS, AMZN, CE, AME, ANSS, AMP, CL, COST, AMAT, ABT, CLX, AIZ"
2020-12-22 05:00:00,CPRT,SELL,111.29638224361543,"COR, CCI, CRM, CBOE, BKNG, ANET, CCL, ADBE, AAPL, AMD, CPRT, AJG, BR, AES, CMI, AVY, CARR, CDNS, AMZN, CE, AME, ANSS, AMP, CL, COST, AMAT, ABT, CLX, AIZ"
2020-12-23 05:00:00,CCL,SELL,197.6446476090273,"COR, CCI, CRM, CBOE, BKNG, ANET, CCL, ADBE, AAPL, AMD, CPRT, AJG, BR, AES, CMI, AVY, CARR, CDNS, AMZN, CE, AME, ANSS, AMP, CL, COST, AMAT, ABT, CLX, AIZ"
2020-12-23 05:00:00,AJG,BUY,107.35315491542087,"COR, CCI, CRM, CBOE, BKNG, ANET, CCL, ADBE, AAPL, AMD, CPRT, AJG, BR, AES, CMI, AVY, CARR, CDNS, AMZN, CE, AME, ANSS, AMP, CL, COST, AMAT, ABT, CLX, AIZ"
2020-12-23 05:00:00,AES,SELL,166.41853016122604,"COR, CCI, CRM, CBOE, BKNG, ANET, CCL, ADBE, AAPL, AMD, CPRT, AJG, BR, AES, CMI, AVY, CARR, CDNS, AMZN, CE, AME, ANSS, AMP, CL, COST, AMAT, ABT, CLX, AIZ"
2020-12-23 05:00:00,CE,BUY,112.60932505592882,"COR, CCI, CRM, CBOE, BKNG, ANET, CCL, ADBE, AAPL, AMD, CPRT, AJG, BR, AES, CMI, AVY, CARR, CDNS, AMZN, CE, AME, ANSS, AMP, CL, COST, AMAT, ABT, CLX, AIZ"
2020-12-23 05:00:00,AMAT,BUY,132.49109311478833,"COR, CCI, CRM, CBOE, BKNG, ANET, CCL, ADBE, AAPL, AMD, CPRT, AJG, BR, AES, CMI, AVY, CARR, CDNS, AMZN, CE, AME, ANSS, AMP, CL, COST, AMAT, ABT, CLX, AIZ"
2020-12-28 05:00:00,BKNG,SELL,105.09358573190275,"COR, CCI, CRM, CBOE, BKNG, ANET, CCL, ADBE, AAPL, AMD, CPRT, AJG, BR, AES, CMI, AVY, CARR, CDNS, AMZN, CE, AME, ANSS, AMP, CL, COST, AMAT, ABT, CLX, AIZ"
2020-12-28 05:00:00,AAPL,SELL,179.6367474117742,"COR, CCI, CRM, CBOE, BKNG, ANET, CCL, ADBE, AAPL, AMD, CPRT, AJG, BR, AES, CMI, AVY, CARR, CDNS, AMZN, CE, AME, ANSS, AMP, CL, COST, AMAT, ABT, CLX, AIZ"
2020-12-28 05:00:00,AMD,BUY,104.54366324005014,"COR, CCI, CRM, CBOE, BKNG, ANET, CCL, ADBE, AAPL, AMD, CPRT, AJG, BR, AES, CMI, AVY, CARR, CDNS, AMZN, CE, AME, ANSS, AMP, CL, COST, AMAT, ABT, CLX, AIZ"
2020-12-29 05:00:00,AMZN,SELL,136.51659258838072,"COR, CCI, CRM, CBOE, BKNG, ANET, CCL, ADBE, AAPL, AMD, CPRT, AJG, BR, AES, CMI, AVY, CARR, CDNS, AMZN, CE, AME, ANSS, AMP, CL, COST, AMAT, ABT, CLX, AIZ"
2020-12-30 05:00:00,COR,BUY,111.28019252436525,"COR, CCI, CRM, CBOE, BKNG, ANET, CCL, ADBE, AAPL, AMD, CPRT, AJG, BR, AES, CMI, AVY, CARR, CDNS, AMZN, CE, AME, ANSS, AMP, CL, COST, AMAT, ABT, CLX, AIZ"
2020-12-30 05:00:00,CRM,BUY,108.83298390147775,"COR, CCI, CRM, CBOE, BKNG, ANET, CCL, ADBE, AAPL, AMD, CPRT, AJG, BR, AES, CMI, AVY, CARR, CDNS, AMZN, CE, AME, ANSS, AMP, CL, COST, AMAT, ABT, CLX, AIZ"
2020-12-30 05:00:00,BKNG,SELL,111.4757212962154,"COR, CCI, CRM, CBOE, BKNG, ANET, CCL, ADBE, AAPL, AMD, CPRT, AJG, BR, AES, CMI, AVY, CARR, CDNS, AMZN, CE, AME, ANSS, AMP, CL, COST, AMAT, ABT, CLX, AIZ"
2020-12-30 05:00:00,CCL,SELL,104.53060777253312,"COR, CCI, CRM, CBOE, BKNG, ANET, CCL, ADBE, AAPL, AMD, CPRT, AJG, BR, AES, CMI, AVY, CARR, CDNS, AMZN, CE, AME, ANSS, AMP, CL, COST, AMAT, ABT, CLX, AIZ"
2020-12-30 05:00:00,AES,BUY,144.64220508477456,"COR, CCI, CRM, CBOE, BKNG, ANET, CCL, ADBE, AAPL, AMD, CPRT, AJG, BR, AES, CMI, AVY, CARR, CDNS, AMZN, CE, AME, ANSS, AMP, CL, COST, AMAT, ABT, CLX, AIZ"
2020-12-30 05:00:00,CL,BUY,106.48685229187367,"COR, CCI, CRM, CBOE, BKNG, ANET, CCL, ADBE, AAPL, AMD, CPRT, AJG, BR, AES, CMI, AVY, CARR, CDNS, AMZN, CE, AME, ANSS, AMP, CL, COST, AMAT, ABT, CLX, AIZ"
2020-12-30 05:00:00,CLX,BUY,120.31744408305713,"COR, CCI, CRM, CBOE, BKNG, ANET, CCL, ADBE, AAPL, AMD, CPRT, AJG, BR, AES, CMI, AVY, CARR, CDNS, AMZN, CE, AME, ANSS, AMP, CL, COST, AMAT, ABT, CLX, AIZ"
2020-12-31 05:00:00,AAPL,BUY,127.28393407291651,"COR, CCI, CRM, CBOE, BKNG, ANET, CCL, ADBE, AAPL, AMD, CPRT, AJG, BR, AES, CMI, AVY, CARR, CDNS, AMZN, CE, AME, ANSS, AMP, CL, COST, AMAT, ABT, CLX, AIZ"
2020-12-31 05:00:00,AMZN,BUY,109.57013404814234,"COR, CCI, CRM, CBOE, BKNG, ANET, CCL, ADBE, AAPL, AMD, CPRT, AJG, BR, AES, CMI, AVY, CARR, CDNS, AMZN, CE, AME, ANSS, AMP, CL, COST, AMAT, ABT, CLX, AIZ"
2021-01-04 05:00:00,AES,SELL,118.89736940399325,"COR, CCI, CRM, CBOE, BKNG, ANET, CCL, ADBE, AAPL, AMD, CPRT, AJG, BR, AES, CMI, AVY, CARR, CDNS, AMZN, CE, AME, ANSS, AMP, CL, COST, AMAT, ABT, CLX, AIZ"
2021-01-04 05:00:00,CDNS,SELL,122.28376574634967,"COR, CCI, CRM, CBOE, BKNG, ANET, CCL, ADBE, AAPL, AMD, CPRT, AJG, BR, AES, CMI, AVY, CARR, CDNS, AMZN, CE, AME, ANSS, AMP, CL, COST, AMAT, ABT, CLX, AIZ"
2021-01-04 05:00:00,AMAT,SELL,127.69775703936557,"COR, CCI, CRM, CBOE, BKNG, ANET, CCL, ADBE, AAPL, AMD, CPRT, AJG, BR, AES, CMI, AVY, CARR, CDNS, AMZN, CE, AME, ANSS, AMP, CL, COST, AMAT, ABT, CLX, AIZ"
2021-01-05 05:00:00,CCL,BUY,169.76790258726942,"COR, CCI, CRM, CBOE, BKNG, ANET, CCL, ADBE, AAPL, AMD, CPRT, AJG, BR, AES, CMI, AVY, CARR, CDNS, AMZN, CE, AME, ANSS, AMP, CL, COST, AMAT, ABT, CLX, AIZ"
2021-01-05 05:00:00,ADBE,BUY,121.5785252636665,"COR, CCI, CRM, CBOE, BKNG, ANET, CCL, ADBE, AAPL, AMD, CPRT, AJG, BR, AES, CMI, AVY, CARR, CDNS, AMZN, CE, AME, ANSS, AMP, CL, COST, AMAT, ABT, CLX, AIZ"
2021-01-06 05:00:00,CCI,BUY,105.20297432409143,"COR, CCI, CRM, CBOE, BKNG, ANET, CCL, ADBE, AAPL, AMD, CPRT, AJG, BR, AES, CMI, AVY, CARR, CDNS, AMZN, CE, AME, ANSS, AMP, CL, COST, AMAT, ABT, CLX, AIZ"
2021-01-06 05:00:00,CBOE,SELL,125.97211563598601,"COR, CCI, CRM, CBOE, BKNG, ANET, CCL, ADBE, AAPL, AMD, CPRT, AJG, BR, AES, CMI, AVY, CARR, CDNS, AMZN, CE, AME, ANSS, AMP, CL, COST, AMAT, ABT, CLX, AIZ"
2021-01-06 05:00:00,AES,SELL,222.79470811533838,"COR, CCI, CRM, CBOE, BKNG, ANET, CCL, ADBE, AAPL, AMD, CPRT, AJG, BR, AES, CMI, AVY, CARR, CDNS, AMZN, CE, AME, ANSS, AMP, CL, COST, AMAT, ABT, CLX, AIZ"
2021-01-06 05:00:00,CMI,SELL,134.01654131205032,"COR, CCI, CRM, CBOE, BKNG, ANET, CCL, ADBE, AAPL, AMD, CPRT, AJG, BR, AES, CMI, AVY, CARR, CDNS, AMZN, CE, AME, ANSS, AMP, CL, COST, AMAT, ABT, CLX, AIZ"
2021-01-06 05:00:00,CARR,SELL,166.74853067331696,"COR, CCI, CRM, CBOE, BKNG, ANET, CCL, ADBE, AAPL, AMD, CPRT, AJG, BR, AES, CMI, AVY, CARR, CDNS, AMZN, CE, AME, ANSS, AMP, CL, COST, AMAT, ABT, CLX, AIZ"
2021-01-06 05:00:00,CDNS,BUY,172.34594288808375,"COR, CCI, CRM, CBOE, BKNG, ANET, CCL, ADBE, AAPL, AMD, CPRT, AJG, BR, AES, CMI, AVY, CARR, CDNS, AMZN, CE, AME, ANSS, AMP, CL, COST, AMAT, ABT, CLX, AIZ"
2021-01-06 05:00:00,AMZN,BUY,100.52057080956229,"COR, CCI, CRM, CBOE, BKNG, ANET, CCL, ADBE, AAPL, AMD, CPRT, AJG, BR, AES, CMI, AVY, CARR, CDNS, AMZN, CE, AME, ANSS, AMP, CL, COST, AMAT, ABT, CLX, AIZ"
2021-01-06 05:00:00,CE,SELL,163.50173465437047,"COR, CCI, CRM, CBOE, BKNG, ANET, CCL, ADBE, AAPL, AMD, CPRT, AJG, BR, AES, CMI, AVY, CARR, CDNS, AMZN, CE, AME, ANSS, AMP, CL, COST, AMAT, ABT, CLX, AIZ"
2021-01-06 05:00:00,AME,SELL,180.23167023525912,"COR, CCI, CRM, CBOE, BKNG, ANET, CCL, ADBE, AAPL, AMD, CPRT, AJG, BR, AES, CMI, AVY, CARR, CDNS, AMZN, CE, AME, ANSS, AMP, CL, COST, AMAT, ABT, CLX, AIZ"
2021-01-06 05:00:00,AMP,SELL,118.79944643956698,"COR, CCI, CRM, CBOE, BKNG, ANET, CCL, ADBE, AAPL, AMD, CPRT, AJG, BR, AES, CMI, AVY, CARR, CDNS, AMZN, CE, AME, ANSS, AMP, CL, COST, AMAT, ABT, CLX, AIZ"
2021-01-06 05:00:00,AMAT,SELL,120.01048232305175,"COR, CCI, CRM, CBOE, BKNG, ANET, CCL, ADBE, AAPL, AMD, CPRT, AJG, BR, AES, CMI, AVY, CARR, CDNS, AMZN, CE, AME, ANSS, AMP, CL, COST, AMAT, ABT, CLX, AIZ"
2021-01-07 05:00:00,COR,BUY,207.63084617882487,"COR, CCI, CRM, CBOE, BKNG, ANET, CCL, ADBE, AAPL, AMD, CPRT, AJG, BR, AES, CMI, AVY, CARR, CDNS, AMZN, CE, AME, ANSS, AMP, CL, COST, AMAT, ABT, CLX, AIZ"
2021-01-07 05:00:00,CRM,BUY,120.62985723526481,"COR, CCI, CRM, CBOE, BKNG, ANET, CCL, ADBE, AAPL, AMD, CPRT, AJG, BR, AES, CMI, AVY, CARR, CDNS, AMZN, CE, AME, ANSS, AMP, CL, COST, AMAT, ABT, CLX, AIZ"
2021-01-07 05:00:00,ADBE,BUY,132.23710163062287,"COR, CCI, CRM, CBOE, BKNG, ANET, CCL, ADBE, AAPL, AMD, CPRT, AJG, BR, AES, CMI, AVY, CARR, CDNS, AMZN, CE, AME, ANSS, AMP, CL, COST, AMAT, ABT, CLX, AIZ"
2021-01-07 05:00:00,CPRT,BUY,153.1306886058892,"COR, CCI, CRM, CBOE, BKNG, ANET, CCL, ADBE, AAPL, AMD, CPRT, AJG, BR, AES, CMI, AVY, CARR, CDNS, AMZN, CE, AME, ANSS, AMP, CL, COST, AMAT, ABT, CLX, AIZ"
2021-01-07 05:00:00,AJG,BUY,108.53831395089128,"COR, CCI, CRM, CBOE, BKNG, ANET, CCL, ADBE, AAPL, AMD, CPRT, AJG, BR, AES, CMI, AVY, CARR, CDNS, AMZN, CE, AME, ANSS, AMP, CL, COST, AMAT, ABT, CLX, AIZ"
2021-01-07 05:00:00,AVY,SELL,139.67644833511167,"COR, CCI, CRM, CBOE, BKNG, ANET, CCL, ADBE, AAPL, AMD, CPRT, AJG, BR, AES, CMI, AVY, CARR, CDNS, AMZN, CE, AME, ANSS, AMP, CL, COST, AMAT, ABT, CLX, AIZ"
2021-01-07 05:00:00,CDNS,SELL,117.13584112785793,"COR, CCI, CRM, CBOE, BKNG, ANET, CCL, ADBE, AAPL, AMD, CPRT, AJG, BR, AES, CMI, AVY, CARR, CDNS, AMZN, CE, AME, ANSS, AMP, CL, COST, AMAT, ABT, CLX, AIZ"
2021-01-07 05:00:00,CL,BUY,172.93731820865787,"COR, CCI, CRM, CBOE, BKNG, ANET, CCL, ADBE, AAPL, AMD, CPRT, AJG, BR, AES, CMI, AVY, CARR, CDNS, AMZN, CE, AME, ANSS, AMP, CL, COST, AMAT, ABT, CLX, AIZ"
2021-01-07 05:00:00,COST,BUY,115.47298235475455,"COR, CCI, CRM, CBOE, BKNG, ANET, CCL, ADBE, AAPL, AMD, CPRT, AJG, BR, AES, CMI, AVY, CARR, CDNS, AMZN, CE, AME, ANSS, AMP, CL, COST, AMAT, ABT, CLX, AIZ"
2021-01-07 05:00:00,CLX,BUY,131.50177939628247,"COR, CCI, CRM, CBOE, BKNG, ANET, CCL, ADBE, AAPL, AMD, CPRT, AJG, BR, AES, CMI, AVY, CARR, CDNS, AMZN, CE, AME, ANSS, AMP, CL, COST, AMAT, ABT, CLX, AIZ"
2021-01-08 05:00:00,AMAT,SELL,114.65772918113545,"COR, CCI, CRM, CBOE, BKNG, ANET, CCL, ADBE, AAPL, AMD, CPRT, AJG, BR, AES, CMI, AVY, CARR, CDNS, AMZN, CE, AME, ANSS, AMP, CL, COST, AMAT, ABT, CLX, AIZ"
2021-01-11 05:00:00,CBOE,SELL,105.99089991586061,"COR, CCI, CRM, CBOE, BKNG, ANET, CCL, ADBE, AAPL, AMD, CPRT, AJG, BR, AES, CMI, AVY, CARR, CDNS, AMZN, CE, AME, ANSS, AMP, CL, COST, AMAT, ABT, CLX, AIZ"
2021-01-11 05:00:00,CCL,BUY,151.26544823130143,"COR, CCI, CRM, CBOE, BKNG, ANET, CCL, ADBE, AAPL, AMD, CPRT, AJG, BR, AES, CMI, AVY, CARR, CDNS, AMZN, CE, AME, ANSS, AMP, CL, COST, AMAT, ABT, CLX, AIZ"
2021-01-11 05:00:00,AAPL,BUY,125.31639255553,"COR, CCI, CRM, CBOE, BKNG, ANET, CCL, ADBE, AAPL, AMD, CPRT, AJG, BR, AES, CMI, AVY, CARR, CDNS, AMZN, CE, AME, ANSS, AMP, CL, COST, AMAT, ABT, CLX, AIZ"
2021-01-11 05:00:00,AMD,SELL,170.9038175330129,"COR, CCI, CRM, CBOE, BKNG, ANET, CCL, ADBE, AAPL, AMD, CPRT, AJG, BR, AES, CMI, AVY, CARR, CDNS, AMZN, CE, AME, ANSS, AMP, CL, COST, AMAT, ABT, CLX, AIZ"
2021-01-11 05:00:00,AJG,BUY,112.07184500872972,"COR, CCI, CRM, CBOE, BKNG, ANET, CCL, ADBE, AAPL, AMD, CPRT, AJG, BR, AES, CMI, AVY, CARR, CDNS, AMZN, CE, AME, ANSS, AMP, CL, COST, AMAT, ABT, CLX, AIZ"
2021-01-11 05:00:00,AMAT,SELL,106.10403118102978,"COR, CCI, CRM, CBOE, BKNG, ANET, CCL, ADBE, AAPL, AMD, CPRT, AJG, BR, AES, CMI, AVY, CARR, CDNS, AMZN, CE, AME, ANSS, AMP, CL, COST, AMAT, ABT, CLX, AIZ"
2021-01-12 05:00:00,ANET,SELL,205.07936618031772,"COR, CCI, CRM, CBOE, BKNG, ANET, CCL, ADBE, AAPL, AMD, CPRT, AJG, BR, AES, CMI, AVY, CARR, CDNS, AMZN, CE, AME, ANSS, AMP, CL, COST, AMAT, ABT, CLX, AIZ"
2021-01-12 05:00:00,ABT,BUY,111.38163411719097,"COR, CCI, CRM, CBOE, BKNG, ANET, CCL, ADBE, AAPL, AMD, CPRT, AJG, BR, AES, CMI, AVY, CARR, CDNS, AMZN, CE, AME, ANSS, AMP, CL, COST, AMAT, ABT, CLX, AIZ"
2021-01-13 05:00:00,AMD,BUY,208.53501766231784,"COR, CCI, CRM, CBOE, BKNG, ANET, CCL, ADBE, AAPL, AMD, CPRT, AJG, BR, AES, CMI, AVY, CARR, CDNS, AMZN, CE, AME, ANSS, AMP, CL, COST, AMAT, ABT, CLX, AIZ"
2021-01-13 05:00:00,AES,SELL,209.20754866223206,"COR, CCI, CRM, CBOE, BKNG, ANET, CCL, ADBE, AAPL, AMD, CPRT, AJG, BR, AES, CMI, AVY, CARR, CDNS, AMZN, CE, AME, ANSS, AMP, CL, COST, AMAT, ABT, CLX, AIZ"
2021-01-13 05:00:00,AME,BUY,141.0651619962864,"COR, CCI, CRM, CBOE, BKNG, ANET, CCL, ADBE, AAPL, AMD, CPRT, AJG, BR, AES, CMI, AVY, CARR, CDNS, AMZN, CE, AME, ANSS, AMP, CL, COST, AMAT, ABT, CLX, AIZ"
2021-01-13 05:00:00,ABT,SELL,117.84573369911776,"COR, CCI, CRM, CBOE, BKNG, ANET, CCL, ADBE, AAPL, AMD, CPRT, AJG, BR, AES, CMI, AVY, CARR, CDNS, AMZN, CE, AME, ANSS, AMP, CL, COST, AMAT, ABT, CLX, AIZ"
2021-01-14 05:00:00,CBOE,BUY,151.96792034954387,"COR, CCI, CRM, CBOE, BKNG, ANET, CCL, ADBE, AAPL, AMD, CPRT, AJG, BR, AES, CMI, AVY, CARR, CDNS, AMZN, CE, AME, ANSS, AMP, CL, COST, AMAT, ABT, CLX, AIZ"
2021-01-14 05:00:00,CCL,SELL,132.83829770591228,"COR, CCI, CRM, CBOE, BKNG, ANET, CCL, ADBE, AAPL, AMD, CPRT, AJG, BR, AES, CMI, AVY, CARR, CDNS, AMZN, CE, AME, ANSS, AMP, CL, COST, AMAT, ABT, CLX, AIZ"
2021-01-14 05:00:00,ADBE,BUY,113.98065358195709,"COR, CCI, CRM, CBOE, BKNG, ANET, CCL, ADBE, AAPL, AMD, CPRT, AJG, BR, AES, CMI, AVY, CARR, CDNS, AMZN, CE, AME, ANSS, AMP, CL, COST, AMAT, ABT, CLX, AIZ"
2021-01-14 05:00:00,CPRT,BUY,112.45989898271819,"COR, CCI, CRM, CBOE, BKNG, ANET, CCL, ADBE, AAPL, AMD, CPRT, AJG, BR, AES, CMI, AVY, CARR, CDNS, AMZN, CE, AME, ANSS, AMP, CL, COST, AMAT, ABT, CLX, AIZ"
2021-01-14 05:00:00,AMP,SELL,103.55959287912401,"COR, CCI, CRM, CBOE, BKNG, ANET, CCL, ADBE, AAPL, AMD, CPRT, AJG, BR, AES, CMI, AVY, CARR, CDNS, AMZN, CE, AME, ANSS, AMP, CL, COST, AMAT, ABT, CLX, AIZ"
2021-01-14 05:00:00,AMAT,SELL,281.7264222636877,"COR, CCI, CRM, CBOE, BKNG, ANET, CCL, ADBE, AAPL, AMD, CPRT, AJG, BR, AES, CMI, AVY, CARR, CDNS, AMZN, CE, AME, ANSS, AMP, CL, COST, AMAT, ABT, CLX, AIZ"
2021-01-15 05:00:00,COR,SELL,154.0126328969095,"COR, CCI, CRM, CBOE, BKNG, ANET, CCL, ADBE, AAPL, AMD, CPRT, AJG, BR, AES, CMI, AVY, CARR, CDNS, AMZN, CE, AME, ANSS, AMP, CL, COST, AMAT, ABT, CLX, AIZ"
2021-01-15 05:00:00,BKNG,BUY,173.25213764830232,"COR, CCI, CRM, CBOE, BKNG, ANET, CCL, ADBE, AAPL, AMD, CPRT, AJG, BR, AES, CMI, AVY, CARR, CDNS, AMZN, CE, AME, ANSS, AMP, CL, COST, AMAT, ABT, CLX, AIZ"
2021-01-15 05:00:00,AMD,BUY,121.24224507422286,"COR, CCI, CRM, CBOE, BKNG, ANET, CCL, ADBE, AAPL, AMD, CPRT, AJG, BR, AES, CMI, AVY, CARR, CDNS, AMZN, CE, AME, ANSS, AMP, CL, COST, AMAT, ABT, CLX, AIZ"
2021-01-15 05:00:00,AES,SELL,115.9059836927763,"COR, CCI, CRM, CBOE, BKNG, ANET, CCL, ADBE, AAPL, AMD, CPRT, AJG, BR, AES, CMI, AVY, CARR, CDNS, AMZN, CE, AME, ANSS, AMP, CL, COST, AMAT, ABT, CLX, AIZ"
2021-01-15 05:00:00,CE,BUY,105.79897691560518,"COR, CCI, CRM, CBOE, BKNG, ANET, CCL, ADBE, AAPL, AMD, CPRT, AJG, BR, AES, CMI, AVY, CARR, CDNS, AMZN, CE, AME, ANSS, AMP, CL, COST, AMAT, ABT, CLX, AIZ"
2021-01-19 05:00:00,CCI,SELL,115.39966140260867,"COR, CCI, CRM, CBOE, BKNG, ANET, CCL, ADBE, AAPL, AMD, CPRT, AJG, BR, AES, CMI, AVY, CARR, CDNS, AMZN, CE, AME, ANSS, AMP, CL, COST, AMAT, ABT, CLX, AIZ"
2021-01-19 05:00:00,COST,BUY,146.00914823229732,"COR, CCI, CRM, CBOE, BKNG, ANET, CCL, ADBE, AAPL, AMD, CPRT, AJG, BR, AES, CMI, AVY, CARR, CDNS, AMZN, CE, AME, ANSS, AMP, CL, COST, AMAT, ABT, CLX, AIZ"
2021-01-19 05:00:00,AMAT,SELL,107.3216215473758,"COR, CCI, CRM, CBOE, BKNG, ANET, CCL, ADBE, AAPL, AMD, CPRT, AJG, BR, AES, CMI, AVY, CARR, CDNS, AMZN, CE, AME, ANSS, AMP, CL, COST, AMAT, ABT, CLX, AIZ"
2021-01-19 05:00:00,AIZ,SELL,122.57426864738545,"COR, CCI, CRM, CBOE, BKNG, ANET, CCL, ADBE, AAPL, AMD, CPRT, AJG, BR, AES, CMI, AVY, CARR, CDNS, AMZN, CE, AME, ANSS, AMP, CL, COST, AMAT, ABT, CLX, AIZ"
2021-01-20 05:00:00,AVY,BUY,116.34227481921698,"COR, CCI, CRM, CBOE, BKNG, ANET, CCL, ADBE, AAPL, AMD, CPRT, AJG, BR, AES, CMI, AVY, CARR, CDNS, AMZN, CE, AME, ANSS, AMP, CL, COST, AMAT, ABT, CLX, AIZ"
2021-01-20 05:00:00,CL,BUY,107.2219187813148,"COR, CCI, CRM, CBOE, BKNG, ANET, CCL, ADBE, AAPL, AMD, CPRT, AJG, BR, AES, CMI, AVY, CARR, CDNS, AMZN, CE, AME, ANSS, AMP, CL, COST, AMAT, ABT, CLX, AIZ"
2021-01-21 05:00:00,AAPL,SELL,187.12806559350156,"COR, CCI, CRM, CBOE, BKNG, ANET, CCL, ADBE, AAPL, AMD, CPRT, AJG, BR, AES, CMI, AVY, CARR, CDNS, AMZN, CE, AME, ANSS, AMP, CL, COST, AMAT, ABT, CLX, AIZ"
2021-01-21 05:00:00,BR,BUY,108.76409225133057,"COR, CCI, CRM, CBOE, BKNG, ANET, CCL, ADBE, AAPL, AMD, CPRT, AJG, BR, AES, CMI, AVY, CARR, CDNS, AMZN, CE, AME, ANSS, AMP, CL, COST, AMAT, ABT, CLX, AIZ"
2021-01-21 05:00:00,CMI,SELL,131.0499830026506,"COR, CCI, CRM, CBOE, BKNG, ANET, CCL, ADBE, AAPL, AMD, CPRT, AJG, BR, AES, CMI, AVY, CARR, CDNS, AMZN, CE, AME, ANSS, AMP, CL, COST, AMAT, ABT, CLX, AIZ"
2021-01-21 05:00:00,CARR,BUY,115.86060288051158,"COR, CCI, CRM, CBOE, BKNG, ANET, CCL, ADBE, AAPL, AMD, CPRT, AJG, BR, AES, CMI, AVY, CARR, CDNS, AMZN, CE, AME, ANSS, AMP, CL, COST, AMAT, ABT, CLX, AIZ"
2021-01-21 05:00:00,AMZN,SELL,102.32382972990172,"COR, CCI, CRM, CBOE, BKNG, ANET, CCL, ADBE, AAPL, AMD, CPRT, AJG, BR, AES, CMI, AVY, CARR, CDNS, AMZN, CE, AME, ANSS, AMP, CL, COST, AMAT, ABT, CLX, AIZ"
2021-01-21 05:00:00,AIZ,BUY,150.65234164280128,"COR, CCI, CRM, CBOE, BKNG, ANET, CCL, ADBE, AAPL, AMD, CPRT, AJG, BR, AES, CMI, AVY, CARR, CDNS, AMZN, CE, AME, ANSS, AMP, CL, COST, AMAT, ABT, CLX, AIZ"
2021-01-22 05:00:00,COR,SELL,166.20011207829566,"COR, CCI, CRM, CBOE, BKNG, ANET, CCL, ADBE, AAPL, AMD, CPRT, AJG, BR, AES, CMI, AVY, CARR, CDNS, AMZN, CE, AME, ANSS, AMP, CL, COST, AMAT, ABT, CLX, AIZ"
2021-01-22 05:00:00,CRM,SELL,111.67516851960045,"COR, CCI, CRM, CBOE, BKNG, ANET, CCL, ADBE, AAPL, AMD, CPRT, AJG, BR, AES, CMI, AVY, CARR, CDNS, AMZN, CE, AME, ANSS, AMP, CL, COST, AMAT, ABT, CLX, AIZ"
2021-01-22 05:00:00,BKNG,BUY,122.46257930462752,"COR, CCI, CRM, CBOE, BKNG, ANET, CCL, ADBE, AAPL, AMD, CPRT, AJG, BR, AES, CMI, AVY, CARR, CDNS, AMZN, CE, AME, ANSS, AMP, CL, COST, AMAT, ABT, CLX, AIZ"
2021-01-22 05:00:00,CCL,BUY,133.32458807916328,"COR, CCI, CRM, CBOE, BKNG, ANET, CCL, ADBE, AAPL, AMD, CPRT, AJG, BR, AES, CMI, AVY, CARR, CDNS, AMZN, CE, AME, ANSS, AMP, CL, COST, AMAT, ABT, CLX, AIZ"
2021-01-22 05:00:00,AMD,SELL,153.80112816453266,"COR, CCI, CRM, CBOE, BKNG, ANET, CCL, ADBE, AAPL, AMD, CPRT, AJG, BR, AES, CMI, AVY, CARR, CDNS, AMZN, CE, AME, ANSS, AMP, CL, COST, AMAT, ABT, CLX, AIZ"
2021-01-22 05:00:00,CE,BUY,104.44757015359392,"COR, CCI, CRM, CBOE, BKNG, ANET, CCL, ADBE, AAPL, AMD, CPRT, AJG, BR, AES, CMI, AVY, CARR, CDNS, AMZN, CE, AME, ANSS, AMP, CL, COST, AMAT, ABT, CLX, AIZ"
2021-01-22 05:00:00,AME,BUY,135.06655964307265,"COR, CCI, CRM, CBOE, BKNG, ANET, CCL, ADBE, AAPL, AMD, CPRT, AJG, BR, AES, CMI, AVY, CARR, CDNS, AMZN, CE, AME, ANSS, AMP, CL, COST, AMAT, ABT, CLX, AIZ"
2021-01-25 05:00:00,CCL,BUY,174.17415392869225,"COR, CCI, CRM, CBOE, BKNG, ANET, CCL, ADBE, AAPL, AMD, CPRT, AJG, BR, AES, CMI, AVY, CARR, CDNS, AMZN, CE, AME, ANSS, AMP, CL, COST, AMAT, ABT, CLX, AIZ"
2021-01-25 05:00:00,AAPL,SELL,179.99565957596133,"COR, CCI, CRM, CBOE, BKNG, ANET, CCL, ADBE, AAPL, AMD, CPRT, AJG, BR, AES, CMI, AVY, CARR, CDNS, AMZN, CE, AME, ANSS, AMP, CL, COST, AMAT, ABT, CLX, AIZ"
2021-01-25 05:00:00,CPRT,BUY,141.7124390386266,"COR, CCI, CRM, CBOE, BKNG, ANET, CCL, ADBE, AAPL, AMD, CPRT, AJG, BR, AES, CMI, AVY, CARR, CDNS, AMZN, CE, AME, ANSS, AMP, CL, COST, AMAT, ABT, CLX, AIZ"
2021-01-25 05:00:00,CLX,SELL,272.98602607726707,"COR, CCI, CRM, CBOE, BKNG, ANET, CCL, ADBE, AAPL, AMD, CPRT, AJG, BR, AES, CMI, AVY, CARR, CDNS, AMZN, CE, AME, ANSS, AMP, CL, COST, AMAT, ABT, CLX, AIZ"
2021-01-25 05:00:00,AIZ,BUY,112.38124008496061,"COR, CCI, CRM, CBOE, BKNG, ANET, CCL, ADBE, AAPL, AMD, CPRT, AJG, BR, AES, CMI, AVY, CARR, CDNS, AMZN, CE, AME, ANSS, AMP, CL, COST, AMAT, ABT, CLX, AIZ"
2021-01-26 05:00:00,COR,SELL,243.1164706488389,"COR, CCI, CRM, CBOE, BKNG, ANET, CCL, ADBE, AAPL, AMD, CPRT, AJG, BR, AES, CMI, AVY, CARR, CDNS, AMZN, CE, AME, ANSS, AMP, CL, COST, AMAT, ABT, CLX, AIZ"
2021-01-26 05:00:00,CCI,SELL,117.46289689990726,"COR, CCI, CRM, CBOE, BKNG, ANET, CCL, ADBE, AAPL, AMD, CPRT, AJG, BR, AES, CMI, AVY, CARR, CDNS, AMZN, CE, AME, ANSS, AMP, CL, COST, AMAT, ABT, CLX, AIZ"
2021-01-26 05:00:00,BKNG,BUY,117.42063863321437,"COR, CCI, CRM, CBOE, BKNG, ANET, CCL, ADBE, AAPL, AMD, CPRT, AJG, BR, AES, CMI, AVY, CARR, CDNS, AMZN, CE, AME, ANSS, AMP, CL, COST, AMAT, ABT, CLX, AIZ"
2021-01-26 05:00:00,ADBE,SELL,117.23209175295824,"COR, CCI, CRM, CBOE, BKNG, ANET, CCL, ADBE, AAPL, AMD, CPRT, AJG, BR, AES, CMI, AVY, CARR, CDNS, AMZN, CE, AME, ANSS, AMP, CL, COST, AMAT, ABT, CLX, AIZ"
2021-01-26 05:00:00,AMD,SELL,103.27921020757776,"COR, CCI, CRM, CBOE, BKNG, ANET, CCL, ADBE, AAPL, AMD, CPRT, AJG, BR, AES, CMI, AVY, CARR, CDNS, AMZN, CE, AME, ANSS, AMP, CL, COST, AMAT, ABT, CLX, AIZ"
2021-01-26 05:00:00,AES,BUY,399.9348700276814,"COR, CCI, CRM, CBOE, BKNG, ANET, CCL, ADBE, AAPL, AMD, CPRT, AJG, BR, AES, CMI, AVY, CARR, CDNS, AMZN, CE, AME, ANSS, AMP, CL, COST, AMAT, ABT, CLX, AIZ"
2021-01-26 05:00:00,CARR,BUY,179.12138996924568,"COR, CCI, CRM, CBOE, BKNG, ANET, CCL, ADBE, AAPL, AMD, CPRT, AJG, BR, AES, CMI, AVY, CARR, CDNS, AMZN, CE, AME, ANSS, AMP, CL, COST, AMAT, ABT, CLX, AIZ"
2021-01-26 05:00:00,COST,SELL,132.59024110402743,"COR, CCI, CRM, CBOE, BKNG, ANET, CCL, ADBE, AAPL, AMD, CPRT, AJG, BR, AES, CMI, AVY, CARR, CDNS, AMZN, CE, AME, ANSS, AMP, CL, COST, AMAT, ABT, CLX, AIZ"
2021-01-27 05:00:00,CRM,SELL,111.32881401154464,"COR, CCI, CRM, CBOE, BKNG, ANET, CCL, ADBE, AAPL, AMD, CPRT, AJG, BR, AES, CMI, AVY, CARR, CDNS, AMZN, CE, AME, ANSS, AMP, CL, COST, AMAT, ABT, CLX, AIZ"
2021-01-27 05:00:00,AAPL,SELL,100.39124929388981,"COR, CCI, CRM, CBOE, BKNG, ANET, CCL, ADBE, AAPL, AMD, CPRT, AJG, BR, AES, CMI, AVY, CARR, CDNS, AMZN, CE, AME, ANSS, AMP, CL, COST, AMAT, ABT, CLX, AIZ"
2021-01-27 05:00:00,AMD,BUY,123.92748503239636,"COR, CCI, CRM, CBOE, BKNG, ANET, CCL, ADBE, AAPL, AMD, CPRT, AJG, BR, AES, CMI, AVY, CARR, CDNS, AMZN, CE, AME, ANSS, AMP, CL, COST, AMAT, ABT, CLX, AIZ"
2021-01-27 05:00:00,AES,BUY,135.3182292346023,"COR, CCI, CRM, CBOE, BKNG, ANET, CCL, ADBE, AAPL, AMD, CPRT, AJG, BR, AES, CMI, AVY, CARR, CDNS, AMZN, CE, AME, ANSS, AMP, CL, COST, AMAT, ABT, CLX, AIZ"
2021-01-27 05:00:00,CDNS,BUY,116.85212924757116,"COR, CCI, CRM, CBOE, BKNG, ANET, CCL, ADBE, AAPL, AMD, CPRT, AJG, BR, AES, CMI, AVY, CARR, CDNS, AMZN, CE, AME, ANSS, AMP, CL, COST, AMAT, ABT, CLX, AIZ"
2021-01-27 05:00:00,ABT,SELL,182.645637756038,"COR, CCI, CRM, CBOE, BKNG, ANET, CCL, ADBE, AAPL, AMD, CPRT, AJG, BR, AES, CMI, AVY, CARR, CDNS, AMZN, CE, AME, ANSS, AMP, CL, COST, AMAT, ABT, CLX, AIZ"
2021-01-27 05:00:00,CLX,SELL,296.659084959113,"COR, CCI, CRM, CBOE, BKNG, ANET, CCL, ADBE, AAPL, AMD, CPRT, AJG, BR, AES, CMI, AVY, CARR, CDNS, AMZN, CE, AME, ANSS, AMP, CL, COST, AMAT, ABT, CLX, AIZ"
2021-01-28 05:00:00,BKNG,SELL,128.46516050312948,"COR, CCI, CRM, CBOE, BKNG, ANET, CCL, ADBE, AAPL, AMD, CPRT, AJG, BR, AES, CMI, AVY, CARR, CDNS, AMZN, CE, AME, ANSS, AMP, CL, COST, AMAT, ABT, CLX, AIZ"
2021-01-28 05:00:00,CCL,SELL,157.25621987918385,"COR, CCI, CRM, CBOE, BKNG, ANET, CCL, ADBE, AAPL, AMD, CPRT, AJG, BR, AES, CMI, AVY, CARR, CDNS, AMZN, CE, AME, ANSS, AMP, CL, COST, AMAT, ABT, CLX, AIZ"
2021-01-28 05:00:00,AAPL,BUY,185.15559068390212,"COR, CCI, CRM, CBOE, BKNG, ANET, CCL, ADBE, AAPL, AMD, CPRT, AJG, BR, AES, CMI, AVY, CARR, CDNS, AMZN, CE, AME, ANSS, AMP, CL, COST, AMAT, ABT, CLX, AIZ"
2021-01-28 05:00:00,AMD,BUY,114.77653903944429,"COR, CCI, CRM, CBOE, BKNG, ANET, CCL, ADBE, AAPL, AMD, CPRT, AJG, BR, AES, CMI, AVY, CARR, CDNS, AMZN, CE, AME, ANSS, AMP, CL, COST, AMAT, ABT, CLX, AIZ"
2021-01-28 05:00:00,AES,SELL,179.33094338745423,"COR, CCI, CRM, CBOE, BKNG, ANET, CCL, ADBE, AAPL, AMD, CPRT, AJG, BR, AES, CMI, AVY, CARR, CDNS, AMZN, CE, AME, ANSS, AMP, CL, COST, AMAT, ABT, CLX, AIZ"
2021-01-28 05:00:00,CARR,SELL,120.89114386402025,"COR, CCI, CRM, CBOE, BKNG, ANET, CCL, ADBE, AAPL, AMD, CPRT, AJG, BR, AES, CMI, AVY, CARR, CDNS, AMZN, CE, AME, ANSS, AMP, CL, COST, AMAT, ABT, CLX, AIZ"
2021-01-28 05:00:00,CE,BUY,203.67528043837274,"COR, CCI, CRM, CBOE, BKNG, ANET, CCL, ADBE, AAPL, AMD, CPRT, AJG, BR, AES, CMI, AVY, CARR, CDNS, AMZN, CE, AME, ANSS, AMP, CL, COST, AMAT, ABT, CLX, AIZ"
2021-01-28 05:00:00,AMAT,BUY,206.2025720217507,"COR, CCI, CRM, CBOE, BKNG, ANET, CCL, ADBE, AAPL, AMD, CPRT, AJG, BR, AES, CMI, AVY, CARR, CDNS, AMZN, CE, AME, ANSS, AMP, CL, COST, AMAT, ABT, CLX, AIZ"
2021-01-28 05:00:00,ABT,SELL,123.81014614098285,"COR, CCI, CRM, CBOE, BKNG, ANET, CCL, ADBE, AAPL, AMD, CPRT, AJG, BR, AES, CMI, AVY, CARR, CDNS, AMZN, CE, AME, ANSS, AMP, CL, COST, AMAT, ABT, CLX, AIZ"
2021-01-28 05:00:00,CLX,BUY,261.28160696284885,"COR, CCI, CRM, CBOE, BKNG, ANET, CCL, ADBE, AAPL, AMD, CPRT, AJG, BR, AES, CMI, AVY, CARR, CDNS, AMZN, CE, AME, ANSS, AMP, CL, COST, AMAT, ABT, CLX, AIZ"
2021-01-29 05:00:00,BKNG,BUY,109.09606718625992,"COR, CCI, CRM, CBOE, BKNG, ANET, CCL, ADBE, AAPL, AMD, CPRT, AJG, BR, AES, CMI, AVY, CARR, CDNS, AMZN, CE, AME, ANSS, AMP, CL, COST, AMAT, ABT, CLX, AIZ"
2021-01-29 05:00:00,CCL,BUY,144.94840111827625,"COR, CCI, CRM, CBOE, BKNG, ANET, CCL, ADBE, AAPL, AMD, CPRT, AJG, BR, AES, CMI, AVY, CARR, CDNS, AMZN, CE, AME, ANSS, AMP, CL, COST, AMAT, ABT, CLX, AIZ"
2021-01-29 05:00:00,ABT,SELL,142.6105814250318,"COR, CCI, CRM, CBOE, BKNG, ANET, CCL, ADBE, AAPL, AMD, CPRT, AJG, BR, AES, CMI, AVY, CARR, CDNS, AMZN, CE, AME, ANSS, AMP, CL, COST, AMAT, ABT, CLX, AIZ"
2021-01-29 05:00:00,AIZ,SELL,182.0491581530191,"COR, CCI, CRM, CBOE, BKNG, ANET, CCL, ADBE, AAPL, AMD, CPRT, AJG, BR, AES, CMI, AVY, CARR, CDNS, AMZN, CE, AME, ANSS, AMP, CL, COST, AMAT, ABT, CLX, AIZ"
2021-02-01 05:00:00,CMI,BUY,153.02505404609064,"COR, CCI, CRM, CBOE, BKNG, ANET, CCL, ADBE, AAPL, AMD, CPRT, AJG, BR, AES, CMI, AVY, CARR, CDNS, AMZN, CE, AME, ANSS, AMP, CL, COST, AMAT, ABT, CLX, AIZ"
2021-02-01 05:00:00,AMZN,SELL,107.35757342147099,"COR, CCI, CRM, CBOE, BKNG, ANET, CCL, ADBE, AAPL, AMD, CPRT, AJG, BR, AES, CMI, AVY, CARR, CDNS, AMZN, CE, AME, ANSS, AMP, CL, COST, AMAT, ABT, CLX, AIZ"
2021-02-01 05:00:00,COST,BUY,117.00426787440756,"COR, CCI, CRM, CBOE, BKNG, ANET, CCL, ADBE, AAPL, AMD, CPRT, AJG, BR, AES, CMI, AVY, CARR, CDNS, AMZN, CE, AME, ANSS, AMP, CL, COST, AMAT, ABT, CLX, AIZ"
2021-02-02 05:00:00,BKNG,SELL,116.063985238035,"COR, CCI, CRM, CBOE, BKNG, ANET, CCL, ADBE, AAPL, AMD, CPRT, AJG, BR, AES, CMI, AVY, CARR, CDNS, AMZN, CE, AME, ANSS, AMP, CL, COST, AMAT, ABT, CLX, AIZ"
2021-02-02 05:00:00,AAPL,BUY,109.36014910966605,"COR, CCI, CRM, CBOE, BKNG, ANET, CCL, ADBE, AAPL, AMD, CPRT, AJG, BR, AES, CMI, AVY, CARR, CDNS, AMZN, CE, AME, ANSS, AMP, CL, COST, AMAT, ABT, CLX, AIZ"
2021-02-02 05:00:00,AES,SELL,119.1574504153682,"COR, CCI, CRM, CBOE, BKNG, ANET, CCL, ADBE, AAPL, AMD, CPRT, AJG, BR, AES, CMI, AVY, CARR, CDNS, AMZN, CE, AME, ANSS, AMP, CL, COST, AMAT, ABT, CLX, AIZ"
2021-02-02 05:00:00,ABT,BUY,198.01339763853912,"COR, CCI, CRM, CBOE, BKNG, ANET, CCL, ADBE, AAPL, AMD, CPRT, AJG, BR, AES, CMI, AVY, CARR, CDNS, AMZN, CE, AME, ANSS, AMP, CL, COST, AMAT, ABT, CLX, AIZ"
2021-02-03 05:00:00,CCL,SELL,240.63647533165977,"COR, CCI, CRM, CBOE, BKNG, ANET, CCL, ADBE, AAPL, AMD, CPRT, AJG, BR, AES, CMI, AVY, CARR, CDNS, AMZN, CE, AME, ANSS, AMP, CL, COST, AMAT, ABT, CLX, AIZ"
2021-02-03 05:00:00,BR,BUY,123.45707662656605,"COR, CCI, CRM, CBOE, BKNG, ANET, CCL, ADBE, AAPL, AMD, CPRT, AJG, BR, AES, CMI, AVY, CARR, CDNS, AMZN, CE, AME, ANSS, AMP, CL, COST, AMAT, ABT, CLX, AIZ"
2021-02-03 05:00:00,AVY,SELL,200.2791888951315,"COR, CCI, CRM, CBOE, BKNG, ANET, CCL, ADBE, AAPL, AMD, CPRT, AJG, BR, AES, CMI, AVY, CARR, CDNS, AMZN, CE, AME, ANSS, AMP, CL, COST, AMAT, ABT, CLX, AIZ"
2021-02-03 05:00:00,CLX,BUY,128.86494051204863,"COR, CCI, CRM, CBOE, BKNG, ANET, CCL, ADBE, AAPL, AMD, CPRT, AJG, BR, AES, CMI, AVY, CARR, CDNS, AMZN, CE, AME, ANSS, AMP, CL, COST, AMAT, ABT, CLX, AIZ"
2021-02-03 05:00:00,AIZ,BUY,149.8211071790197,"COR, CCI, CRM, CBOE, BKNG, ANET, CCL, ADBE, AAPL, AMD, CPRT, AJG, BR, AES, CMI, AVY, CARR, CDNS, AMZN, CE, AME, ANSS, AMP, CL, COST, AMAT, ABT, CLX, AIZ"
2021-02-04 05:00:00,CDNS,SELL,110.86203561055027,"COR, CCI, CRM, CBOE, BKNG, ANET, CCL, ADBE, AAPL, AMD, CPRT, AJG, BR, AES, CMI, AVY, CARR, CDNS, AMZN, CE, AME, ANSS, AMP, CL, COST, AMAT, ABT, CLX, AIZ"
2021-02-04 05:00:00,ANSS,SELL,103.48863592658834,"COR, CCI, CRM, CBOE, BKNG, ANET, CCL, ADBE, AAPL, AMD, CPRT, AJG, BR, AES, CMI, AVY, CARR, CDNS, AMZN, CE, AME, ANSS, AMP, CL, COST, AMAT, ABT, CLX, AIZ"
2021-02-04 05:00:00,CLX,BUY,246.0311827859341,"COR, CCI, CRM, CBOE, BKNG, ANET, CCL, ADBE, AAPL, AMD, CPRT, AJG, BR, AES, CMI, AVY, CARR, CDNS, AMZN, CE, AME, ANSS, AMP, CL, COST, AMAT, ABT, CLX, AIZ"
2021-02-05 05:00:00,CCL,SELL,120.28058291724346,"COR, CCI, CRM, CBOE, BKNG, ANET, CCL, ADBE, AAPL, AMD, CPRT, AJG, BR, AES, CMI, AVY, CARR, CDNS, AMZN, CE, AME, ANSS, AMP, CL, COST, AMAT, ABT, CLX, AIZ"
2021-02-05 05:00:00,CPRT,SELL,189.9860838556383,"COR, CCI, CRM, CBOE, BKNG, ANET, CCL, ADBE, AAPL, AMD, CPRT, AJG, BR, AES, CMI, AVY, CARR, CDNS, AMZN, CE, AME, ANSS, AMP, CL, COST, AMAT, ABT, CLX, AIZ"
2021-02-05 05:00:00,AES,SELL,133.2471913741624,"COR, CCI, CRM, CBOE, BKNG, ANET, CCL, ADBE, AAPL, AMD, CPRT, AJG, BR, AES, CMI, AVY, CARR, CDNS, AMZN, CE, AME, ANSS, AMP, CL, COST, AMAT, ABT, CLX, AIZ"
2021-02-05 05:00:00,CMI,BUY,117.92118047378654,"COR, CCI, CRM, CBOE, BKNG, ANET, CCL, ADBE, AAPL, AMD, CPRT, AJG, BR, AES, CMI, AVY, CARR, CDNS, AMZN, CE, AME, ANSS, AMP, CL, COST, AMAT, ABT, CLX, AIZ"
2021-02-05 05:00:00,AVY,SELL,111.55286434467325,"COR, CCI, CRM, CBOE, BKNG, ANET, CCL, ADBE, AAPL, AMD, CPRT, AJG, BR, AES, CMI, AVY, CARR, CDNS, AMZN, CE, AME, ANSS, AMP, CL, COST, AMAT, ABT, CLX, AIZ"
2021-02-08 05:00:00,COR,BUY,361.57714904628756,"COR, CCI, CRM, CBOE, BKNG, ANET, CCL, ADBE, AAPL, AMD, CPRT, AJG, BR, AES, CMI, AVY, CARR, CDNS, AMZN, CE, AME, ANSS, AMP, CL, COST, AMAT, ABT, CLX, AIZ"
2021-02-08 05:00:00,CCI,BUY,135.80975366723942,"COR, CCI, CRM, CBOE, BKNG, ANET, CCL, ADBE, AAPL, AMD, CPRT, AJG, BR, AES, CMI, AVY, CARR, CDNS, AMZN, CE, AME, ANSS, AMP, CL, COST, AMAT, ABT, CLX, AIZ"
2021-02-08 05:00:00,CMI,SELL,103.80001118531573,"COR, CCI, CRM, CBOE, BKNG, ANET, CCL, ADBE, AAPL, AMD, CPRT, AJG, BR, AES, CMI, AVY, CARR, CDNS, AMZN, CE, AME, ANSS, AMP, CL, COST, AMAT, ABT, CLX, AIZ"
2021-02-08 05:00:00,AMZN,BUY,126.46050251355291,"COR, CCI, CRM, CBOE, BKNG, ANET, CCL, ADBE, AAPL, AMD, CPRT, AJG, BR, AES, CMI, AVY, CARR, CDNS, AMZN, CE, AME, ANSS, AMP, CL, COST, AMAT, ABT, CLX, AIZ"
2021-02-08 05:00:00,CE,SELL,128.739749022252,"COR, CCI, CRM, CBOE, BKNG, ANET, CCL, ADBE, AAPL, AMD, CPRT, AJG, BR, AES, CMI, AVY, CARR, CDNS, AMZN, CE, AME, ANSS, AMP, CL, COST, AMAT, ABT, CLX, AIZ"
2021-02-09 05:00:00,AJG,BUY,108.86019371458633,"COR, CCI, CRM, CBOE, BKNG, ANET, CCL, ADBE, AAPL, AMD, CPRT, AJG, BR, AES, CMI, AVY, CARR, CDNS, AMZN, CE, AME, ANSS, AMP, CL, COST, AMAT, ABT, CLX, AIZ"
2021-02-09 05:00:00,AES,SELL,112.72263772494351,"COR, CCI, CRM, CBOE, BKNG, ANET, CCL, ADBE, AAPL, AMD, CPRT, AJG, BR, AES, CMI, AVY, CARR, CDNS, AMZN, CE, AME, ANSS, AMP, CL, COST, AMAT, ABT, CLX, AIZ"
2021-02-09 05:00:00,CMI,SELL,107.09547039728886,"COR, CCI, CRM, CBOE, BKNG, ANET, CCL, ADBE, AAPL, AMD, CPRT, AJG, BR, AES, CMI, AVY, CARR, CDNS, AMZN, CE, AME, ANSS, AMP, CL, COST, AMAT, ABT, CLX, AIZ"
2021-02-09 05:00:00,CARR,BUY,195.36589171940386,"COR, CCI, CRM, CBOE, BKNG, ANET, CCL, ADBE, AAPL, AMD, CPRT, AJG, BR, AES, CMI, AVY, CARR, CDNS, AMZN, CE, AME, ANSS, AMP, CL, COST, AMAT, ABT, CLX, AIZ"
2021-02-10 05:00:00,AMD,SELL,102.05620339920551,"COR, CCI, CRM, CBOE, BKNG, ANET, CCL, ADBE, AAPL, AMD, CPRT, AJG, BR, AES, CMI, AVY, CARR, CDNS, AMZN, CE, AME, ANSS, AMP, CL, COST, AMAT, ABT, CLX, AIZ"
2021-02-10 05:00:00,ABT,SELL,112.24883115272132,"COR, CCI, CRM, CBOE, BKNG, ANET, CCL, ADBE, AAPL, AMD, CPRT, AJG, BR, AES, CMI, AVY, CARR, CDNS, AMZN, CE, AME, ANSS, AMP, CL, COST, AMAT, ABT, CLX, AIZ"
2021-02-10 05:00:00,CLX,BUY,126.88503487898288,"COR, CCI, CRM, CBOE, BKNG, ANET, CCL, ADBE, AAPL, AMD, CPRT, AJG, BR, AES, CMI, AVY, CARR, CDNS, AMZN, CE, AME, ANSS, AMP, CL, COST, AMAT, ABT, CLX, AIZ"
2021-02-10 05:00:00,AIZ,BUY,180.46774880166186,"COR, CCI, CRM, CBOE, BKNG, ANET, CCL, ADBE, AAPL, AMD, CPRT, AJG, BR, AES, CMI, AVY, CARR, CDNS, AMZN, CE, AME, ANSS, AMP, CL, COST, AMAT, ABT, CLX, AIZ"
2021-02-11 05:00:00,BKNG,SELL,111.33582834679919,"COR, CCI, CRM, CBOE, BKNG, ANET, CCL, ADBE, AAPL, AMD, CPRT, AJG, BR, AES, CMI, AVY, CARR, CDNS, AMZN, CE, AME, ANSS, AMP, CL, COST, AMAT, ABT, CLX, AIZ"
2021-02-11 05:00:00,CDNS,SELL,136.35392644369904,"COR, CCI, CRM, CBOE, BKNG, ANET, CCL, ADBE, AAPL, AMD, CPRT, AJG, BR, AES, CMI, AVY, CARR, CDNS, AMZN, CE, AME, ANSS, AMP, CL, COST, AMAT, ABT, CLX, AIZ"
2021-02-11 05:00:00,ANSS,SELL,134.5133324902813,"COR, CCI, CRM, CBOE, BKNG, ANET, CCL, ADBE, AAPL, AMD, CPRT, AJG, BR, AES, CMI, AVY, CARR, CDNS, AMZN, CE, AME, ANSS, AMP, CL, COST, AMAT, ABT, CLX, AIZ"
2021-02-11 05:00:00,CL,BUY,104.97711922994358,"COR, CCI, CRM, CBOE, BKNG, ANET, CCL, ADBE, AAPL, AMD, CPRT, AJG, BR, AES, CMI, AVY, CARR, CDNS, AMZN, CE, AME, ANSS, AMP, CL, COST, AMAT, ABT, CLX, AIZ"
2021-02-11 05:00:00,AMAT,SELL,309.5002185908743,"COR, CCI, CRM, CBOE, BKNG, ANET, CCL, ADBE, AAPL, AMD, CPRT, AJG, BR, AES, CMI, AVY, CARR, CDNS, AMZN, CE, AME, ANSS, AMP, CL, COST, AMAT, ABT, CLX, AIZ"
2021-02-12 05:00:00,COR,BUY,113.05420057169567,"COR, CCI, CRM, CBOE, BKNG, ANET, CCL, ADBE, AAPL, AMD, CPRT, AJG, BR, AES, CMI, AVY, CARR, CDNS, AMZN, CE, AME, ANSS, AMP, CL, COST, AMAT, ABT, CLX, AIZ"
2021-02-12 05:00:00,CBOE,BUY,328.16193530045393,"COR, CCI, CRM, CBOE, BKNG, ANET, CCL, ADBE, AAPL, AMD, CPRT, AJG, BR, AES, CMI, AVY, CARR, CDNS, AMZN, CE, AME, ANSS, AMP, CL, COST, AMAT, ABT, CLX, AIZ"
2021-02-12 05:00:00,AMP,SELL,107.00857694544084,"COR, CCI, CRM, CBOE, BKNG, ANET, CCL, ADBE, AAPL, AMD, CPRT, AJG, BR, AES, CMI, AVY, CARR, CDNS, AMZN, CE, AME, ANSS, AMP, CL, COST, AMAT, ABT, CLX, AIZ"
2021-02-12 05:00:00,COST,BUY,105.76921068392085,"COR, CCI, CRM, CBOE, BKNG, ANET, CCL, ADBE, AAPL, AMD, CPRT, AJG, BR, AES, CMI, AVY, CARR, CDNS, AMZN, CE, AME, ANSS, AMP, CL, COST, AMAT, ABT, CLX, AIZ"
2021-02-16 05:00:00,CRM,SELL,152.61024780063235,"COR, CCI, CRM, CBOE, BKNG, ANET, CCL, ADBE, AAPL, AMD, CPRT, AJG, BR, AES, CMI, AVY, CARR, CDNS, AMZN, CE, AME, ANSS, AMP, CL, COST, AMAT, ABT, CLX, AIZ"
2021-02-16 05:00:00,CBOE,SELL,292.4336524281034,"COR, CCI, CRM, CBOE, BKNG, ANET, CCL, ADBE, AAPL, AMD, CPRT, AJG, BR, AES, CMI, AVY, CARR, CDNS, AMZN, CE, AME, ANSS, AMP, CL, COST, AMAT, ABT, CLX, AIZ"
2021-02-16 05:00:00,CCL,SELL,120.40361254028858,"COR, CCI, CRM, CBOE, BKNG, ANET, CCL, ADBE, AAPL, AMD, CPRT, AJG, BR, AES, CMI, AVY, CARR, CDNS, AMZN, CE, AME, ANSS, AMP, CL, COST, AMAT, ABT, CLX, AIZ"
2021-02-16 05:00:00,AAPL,BUY,148.32553650087857,"COR, CCI, CRM, CBOE, BKNG, ANET, CCL, ADBE, AAPL, AMD, CPRT, AJG, BR, AES, CMI, AVY, CARR, CDNS, AMZN, CE, AME, ANSS, AMP, CL, COST, AMAT, ABT, CLX, AIZ"
2021-02-16 05:00:00,CPRT,BUY,115.65072506343176,"COR, CCI, CRM, CBOE, BKNG, ANET, CCL, ADBE, AAPL, AMD, CPRT, AJG, BR, AES, CMI, AVY, CARR, CDNS, AMZN, CE, AME, ANSS, AMP, CL, COST, AMAT, ABT, CLX, AIZ"
2021-02-16 05:00:00,AMAT,SELL,126.16692159386639,"COR, CCI, CRM, CBOE, BKNG, ANET, CCL, ADBE, AAPL, AMD, CPRT, AJG, BR, AES, CMI, AVY, CARR, CDNS, AMZN, CE, AME, ANSS, AMP, CL, COST, AMAT, ABT, CLX, AIZ"
2021-02-16 05:00:00,CLX,BUY,124.7943843701255,"COR, CCI, CRM, CBOE, BKNG, ANET, CCL, ADBE, AAPL, AMD, CPRT, AJG, BR, AES, CMI, AVY, CARR, CDNS, AMZN, CE, AME, ANSS, AMP, CL, COST, AMAT, ABT, CLX, AIZ"
2021-02-16 05:00:00,AIZ,BUY,131.1348955858657,"COR, CCI, CRM, CBOE, BKNG, ANET, CCL, ADBE, AAPL, AMD, CPRT, AJG, BR, AES, CMI, AVY, CARR, CDNS, AMZN, CE, AME, ANSS, AMP, CL, COST, AMAT, ABT, CLX, AIZ"
2021-02-17 05:00:00,ANET,BUY,130.81924368180808,"COR, CCI, CRM, CBOE, BKNG, ANET, CCL, ADBE, AAPL, AMD, CPRT, AJG, BR, AES, CMI, AVY, CARR, CDNS, AMZN, CE, AME, ANSS, AMP, CL, COST, AMAT, ABT, CLX, AIZ"
2021-02-17 05:00:00,CCL,SELL,132.64907949967255,"COR, CCI, CRM, CBOE, BKNG, ANET, CCL, ADBE, AAPL, AMD, CPRT, AJG, BR, AES, CMI, AVY, CARR, CDNS, AMZN, CE, AME, ANSS, AMP, CL, COST, AMAT, ABT, CLX, AIZ"
2021-02-17 05:00:00,AMD,BUY,143.95900025931178,"COR, CCI, CRM, CBOE, BKNG, ANET, CCL, ADBE, AAPL, AMD, CPRT, AJG, BR, AES, CMI, AVY, CARR, CDNS, AMZN, CE, AME, ANSS, AMP, CL, COST, AMAT, ABT, CLX, AIZ"
2021-02-17 05:00:00,CLX,SELL,101.31556512501902,"COR, CCI, CRM, CBOE, BKNG, ANET, CCL, ADBE, AAPL, AMD, CPRT, AJG, BR, AES, CMI, AVY, CARR, CDNS, AMZN, CE, AME, ANSS, AMP, CL, COST, AMAT, ABT, CLX, AIZ"
2021-04-01 04:00:00,CCI,SELL,180.7801957317538,"COR, CCI, CRM, CBOE, BKNG, ANET, CCL, ADBE, AAPL, AMD, CPRT, AJG, BR, AES, CMI, AVY, CARR, CDNS, AMZN, CE, AME, ANSS, AMP, CL, COST, AMAT, ABT, CLX, AIZ"
2021-04-01 04:00:00,BKNG,SELL,241.78779369146105,"COR, CCI, CRM, CBOE, BKNG, ANET, CCL, ADBE, AAPL, AMD, CPRT, AJG, BR, AES, CMI, AVY, CARR, CDNS, AMZN, CE, AME, ANSS, AMP, CL, COST, AMAT, ABT, CLX, AIZ"
2021-04-01 04:00:00,ANET,BUY,151.24240871623897,"COR, CCI, CRM, CBOE, BKNG, ANET, CCL, ADBE, AAPL, AMD, CPRT, AJG, BR, AES, CMI, AVY, CARR, CDNS, AMZN, CE, AME, ANSS, AMP, CL, COST, AMAT, ABT, CLX, AIZ"
2021-04-01 04:00:00,CCL,SELL,482.31525542818287,"COR, CCI, CRM, CBOE, BKNG, ANET, CCL, ADBE, AAPL, AMD, CPRT, AJG, BR, AES, CMI, AVY, CARR, CDNS, AMZN, CE, AME, ANSS, AMP, CL, COST, AMAT, ABT, CLX, AIZ"
2021-04-01 04:00:00,ADBE,BUY,155.38004822465155,"COR, CCI, CRM, CBOE, BKNG, ANET, CCL, ADBE, AAPL, AMD, CPRT, AJG, BR, AES, CMI, AVY, CARR, CDNS, AMZN, CE, AME, ANSS, AMP, CL, COST, AMAT, ABT, CLX, AIZ"
2021-04-01 04:00:00,AAPL,BUY,374.00994066389603,"COR, CCI, CRM, CBOE, BKNG, ANET, CCL, ADBE, AAPL, AMD, CPRT, AJG, BR, AES, CMI, AVY, CARR, CDNS, AMZN, CE, AME, ANSS, AMP, CL, COST, AMAT, ABT, CLX, AIZ"
2021-04-01 04:00:00,AMD,BUY,466.1215584037177,"COR, CCI, CRM, CBOE, BKNG, ANET, CCL, ADBE, AAPL, AMD, CPRT, AJG, BR, AES, CMI, AVY, CARR, CDNS, AMZN, CE, AME, ANSS, AMP, CL, COST, AMAT, ABT, CLX, AIZ"
2021-04-01 04:00:00,AJG,SELL,166.25838846641136,"COR, CCI, CRM, CBOE, BKNG, ANET, CCL, ADBE, AAPL, AMD, CPRT, AJG, BR, AES, CMI, AVY, CARR, CDNS, AMZN, CE, AME, ANSS, AMP, CL, COST, AMAT, ABT, CLX, AIZ"
2021-04-01 04:00:00,AVY,SELL,147.36443330295242,"COR, CCI, CRM, CBOE, BKNG, ANET, CCL, ADBE, AAPL, AMD, CPRT, AJG, BR, AES, CMI, AVY, CARR, CDNS, AMZN, CE, AME, ANSS, AMP, CL, COST, AMAT, ABT, CLX, AIZ"
2021-04-01 04:00:00,CARR,SELL,331.5541468201859,"COR, CCI, CRM, CBOE, BKNG, ANET, CCL, ADBE, AAPL, AMD, CPRT, AJG, BR, AES, CMI, AVY, CARR, CDNS, AMZN, CE, AME, ANSS, AMP, CL, COST, AMAT, ABT, CLX, AIZ"
2021-04-01 04:00:00,CDNS,BUY,200.4413601018623,"COR, CCI, CRM, CBOE, BKNG, ANET, CCL, ADBE, AAPL, AMD, CPRT, AJG, BR, AES, CMI, AVY, CARR, CDNS, AMZN, CE, AME, ANSS, AMP, CL, COST, AMAT, ABT, CLX, AIZ"
2021-04-01 04:00:00,AMZN,BUY,308.08185330485776,"COR, CCI, CRM, CBOE, BKNG, ANET, CCL, ADBE, AAPL, AMD, CPRT, AJG, BR, AES, CMI, AVY, CARR, CDNS, AMZN, CE, AME, ANSS, AMP, CL, COST, AMAT, ABT, CLX, AIZ"
2021-04-01 04:00:00,CE,SELL,488.5906835790388,"COR, CCI, CRM, CBOE, BKNG, ANET, CCL, ADBE, AAPL, AMD, CPRT, AJG, BR, AES, CMI, AVY, CARR, CDNS, AMZN, CE, AME, ANSS, AMP, CL, COST, AMAT, ABT, CLX, AIZ"
2021-04-01 04:00:00,AME,SELL,168.88457035248348,"COR, CCI, CRM, CBOE, BKNG, ANET, CCL, ADBE, AAPL, AMD, CPRT, AJG, BR, AES, CMI, AVY, CARR, CDNS, AMZN, CE, AME, ANSS, AMP, CL, COST, AMAT, ABT, CLX, AIZ"
2021-04-01 04:00:00,ANSS,BUY,547.1840070099356,"COR, CCI, CRM, CBOE, BKNG, ANET, CCL, ADBE, AAPL, AMD, CPRT, AJG, BR, AES, CMI, AVY, CARR, CDNS, AMZN, CE, AME, ANSS, AMP, CL, COST, AMAT, ABT, CLX, AIZ"
2021-04-01 04:00:00,AMP,SELL,188.2741365116026,"COR, CCI, CRM, CBOE, BKNG, ANET, CCL, ADBE, AAPL, AMD, CPRT, AJG, BR, AES, CMI, AVY, CARR, CDNS, AMZN, CE, AME, ANSS, AMP, CL, COST, AMAT, ABT, CLX, AIZ"
2021-04-01 04:00:00,CL,BUY,130.72552747074542,"COR, CCI, CRM, CBOE, BKNG, ANET, CCL, ADBE, AAPL, AMD, CPRT, AJG, BR, AES, CMI, AVY, CARR, CDNS, AMZN, CE, AME, ANSS, AMP, CL, COST, AMAT, ABT, CLX, AIZ"
2021-04-01 04:00:00,AMAT,SELL,637.3901880384942,"COR, CCI, CRM, CBOE, BKNG, ANET, CCL, ADBE, AAPL, AMD, CPRT, AJG, BR, AES, CMI, AVY, CARR, CDNS, AMZN, CE, AME, ANSS, AMP, CL, COST, AMAT, ABT, CLX, AIZ"
2021-04-01 04:00:00,ABT,BUY,335.5894723652423,"COR, CCI, CRM, CBOE, BKNG, ANET, CCL, ADBE, AAPL, AMD, CPRT, AJG, BR, AES, CMI, AVY, CARR, CDNS, AMZN, CE, AME, ANSS, AMP, CL, COST, AMAT, ABT, CLX, AIZ"
2021-04-01 04:00:00,AIZ,SELL,392.3733357544784,"COR, CCI, CRM, CBOE, BKNG, ANET, CCL, ADBE, AAPL, AMD, CPRT, AJG, BR, AES, CMI, AVY, CARR, CDNS, AMZN, CE, AME, ANSS, AMP, CL, COST, AMAT, ABT, CLX, AIZ"
2021-07-01 04:00:00,CCI,SELL,197.7860537345723,"COR, CCI, CRM, CBOE, BKNG, ANET, CCL, ADBE, AAPL, AMD, CPRT, AJG, BR, AES, CMI, AVY, CARR, CDNS, AMZN, CE, AME, ANSS, AMP, CL, COST, AMAT, ABT, CLX, AIZ"
2021-07-01 04:00:00,CRM,BUY,387.3395938478902,"COR, CCI, CRM, CBOE, BKNG, ANET, CCL, ADBE, AAPL, AMD, CPRT, AJG, BR, AES, CMI, AVY, CARR, CDNS, AMZN, CE, AME, ANSS, AMP, CL, COST, AMAT, ABT, CLX, AIZ"
2021-07-01 04:00:00,CBOE,SELL,497.42242453987456,"COR, CCI, CRM, CBOE, BKNG, ANET, CCL, ADBE, AAPL, AMD, CPRT, AJG, BR, AES, CMI, AVY, CARR, CDNS, AMZN, CE, AME, ANSS, AMP, CL, COST, AMAT, ABT, CLX, AIZ"
2021-07-01 04:00:00,BKNG,BUY,518.9304700850967,"COR, CCI, CRM, CBOE, BKNG, ANET, CCL, ADBE, AAPL, AMD, CPRT, AJG, BR, AES, CMI, AVY, CARR, CDNS, AMZN, CE, AME, ANSS, AMP, CL, COST, AMAT, ABT, CLX, AIZ"
2021-07-01 04:00:00,ANET,SELL,440.0111917147169,"COR, CCI, CRM, CBOE, BKNG, ANET, CCL, ADBE, AAPL, AMD, CPRT, AJG, BR, AES, CMI, AVY, CARR, CDNS, AMZN, CE, AME, ANSS, AMP, CL, COST, AMAT, ABT, CLX, AIZ"
2021-07-01 04:00:00,CCL,BUY,314.3938330326009,"COR, CCI, CRM, CBOE, BKNG, ANET, CCL, ADBE, AAPL, AMD, CPRT, AJG, BR, AES, CMI, AVY, CARR, CDNS, AMZN, CE, AME, ANSS, AMP, CL, COST, AMAT, ABT, CLX, AIZ"
2021-07-01 04:00:00,ADBE,SELL,554.4602719785744,"COR, CCI, CRM, CBOE, BKNG, ANET, CCL, ADBE, AAPL, AMD, CPRT, AJG, BR, AES, CMI, AVY, CARR, CDNS, AMZN, CE, AME, ANSS, AMP, CL, COST, AMAT, ABT, CLX, AIZ"
2021-07-01 04:00:00,AAPL,SELL,197.79034410214263,"COR, CCI, CRM, CBOE, BKNG, ANET, CCL, ADBE, AAPL, AMD, CPRT, AJG, BR, AES, CMI, AVY, CARR, CDNS, AMZN, CE, AME, ANSS, AMP, CL, COST, AMAT, ABT, CLX, AIZ"
2021-07-01 04:00:00,AMD,SELL,329.7269846111403,"COR, CCI, CRM, CBOE, BKNG, ANET, CCL, ADBE, AAPL, AMD, CPRT, AJG, BR, AES, CMI, AVY, CARR, CDNS, AMZN, CE, AME, ANSS, AMP, CL, COST, AMAT, ABT, CLX, AIZ"
2021-07-01 04:00:00,CPRT,SELL,178.47361966191966,"COR, CCI, CRM, CBOE, BKNG, ANET, CCL, ADBE, AAPL, AMD, CPRT, AJG, BR, AES, CMI, AVY, CARR, CDNS, AMZN, CE, AME, ANSS, AMP, CL, COST, AMAT, ABT, CLX, AIZ"
2021-07-01 04:00:00,AJG,SELL,171.38381049004965,"COR, CCI, CRM, CBOE, BKNG, ANET, CCL, ADBE, AAPL, AMD, CPRT, AJG, BR, AES, CMI, AVY, CARR, CDNS, AMZN, CE, AME, ANSS, AMP, CL, COST, AMAT, ABT, CLX, AIZ"
2021-07-01 04:00:00,AES,BUY,589.0753496938755,"COR, CCI, CRM, CBOE, BKNG, ANET, CCL, ADBE, AAPL, AMD, CPRT, AJG, BR, AES, CMI, AVY, CARR, CDNS, AMZN, CE, AME, ANSS, AMP, CL, COST, AMAT, ABT, CLX, AIZ"
2021-07-01 04:00:00,CMI,BUY,424.17172915676565,"COR, CCI, CRM, CBOE, BKNG, ANET, CCL, ADBE, AAPL, AMD, CPRT, AJG, BR, AES, CMI, AVY, CARR, CDNS, AMZN, CE, AME, ANSS, AMP, CL, COST, AMAT, ABT, CLX, AIZ"
2021-07-01 04:00:00,AVY,SELL,205.49374613941382,"COR, CCI, CRM, CBOE, BKNG, ANET, CCL, ADBE, AAPL, AMD, CPRT, AJG, BR, AES, CMI, AVY, CARR, CDNS, AMZN, CE, AME, ANSS, AMP, CL, COST, AMAT, ABT, CLX, AIZ"
2021-07-01 04:00:00,CARR,SELL,365.73539845781124,"COR, CCI, CRM, CBOE, BKNG, ANET, CCL, ADBE, AAPL, AMD, CPRT, AJG, BR, AES, CMI, AVY, CARR, CDNS, AMZN, CE, AME, ANSS, AMP, CL, COST, AMAT, ABT, CLX, AIZ"
2021-07-01 04:00:00,CDNS,BUY,366.18387278954515,"COR, CCI, CRM, CBOE, BKNG, ANET, CCL, ADBE, AAPL, AMD, CPRT, AJG, BR, AES, CMI, AVY, CARR, CDNS, AMZN, CE, AME, ANSS, AMP, CL, COST, AMAT, ABT, CLX, AIZ"
2021-07-01 04:00:00,CE,BUY,212.26735394215984,"COR, CCI, CRM, CBOE, BKNG, ANET, CCL, ADBE, AAPL, AMD, CPRT, AJG, BR, AES, CMI, AVY, CARR, CDNS, AMZN, CE, AME, ANSS, AMP, CL, COST, AMAT, ABT, CLX, AIZ"
2021-07-01 04:00:00,ANSS,BUY,271.79615272400724,"COR, CCI, CRM, CBOE, BKNG, ANET, CCL, ADBE, AAPL, AMD, CPRT, AJG, BR, AES, CMI, AVY, CARR, CDNS, AMZN, CE, AME, ANSS, AMP, CL, COST, AMAT, ABT, CLX, AIZ"
2021-07-01 04:00:00,AMAT,BUY,339.5446578057813,"COR, CCI, CRM, CBOE, BKNG, ANET, CCL, ADBE, AAPL, AMD, CPRT, AJG, BR, AES, CMI, AVY, CARR, CDNS, AMZN, CE, AME, ANSS, AMP, CL, COST, AMAT, ABT, CLX, AIZ"
2021-07-01 04:00:00,ABT,BUY,300.50982282037876,"COR, CCI, CRM, CBOE, BKNG, ANET, CCL, ADBE, AAPL, AMD, CPRT, AJG, BR, AES, CMI, AVY, CARR, CDNS, AMZN, CE, AME, ANSS, AMP, CL, COST, AMAT, ABT, CLX, AIZ"
2021-07-01 04:00:00,AIZ,SELL,145.41403593809264,"COR, CCI, CRM, CBOE, BKNG, ANET, CCL, ADBE, AAPL, AMD, CPRT, AJG, BR, AES, CMI, AVY, CARR, CDNS, AMZN, CE, AME, ANSS, AMP, CL, COST, AMAT, ABT, CLX, AIZ"
2021-10-01 04:00:00,COR,SELL,113.21627049405288,"COR, CCI, CRM, CBOE, BKNG, ANET, CCL, ADBE, AAPL, AMD, CPRT, AJG, BR, AES, CMI, AVY, CARR, CDNS, AMZN, CE, AME, ANSS, AMP, CL, COST, AMAT, ABT, CLX, AIZ"
2021-10-01 04:00:00,CCI,BUY,499.21133387208647,"COR, CCI, CRM, CBOE, BKNG, ANET, CCL, ADBE, AAPL, AMD, CPRT, AJG, BR, AES, CMI, AVY, CARR, CDNS, AMZN, CE, AME, ANSS, AMP, CL, COST, AMAT, ABT, CLX, AIZ"
2021-10-01 04:00:00,CRM,SELL,451.8591236515558,"COR, CCI, CRM, CBOE, BKNG, ANET, CCL, ADBE, AAPL, AMD, CPRT, AJG, BR, AES, CMI, AVY, CARR, CDNS, AMZN, CE, AME, ANSS, AMP, CL, COST, AMAT, ABT, CLX, AIZ"
2021-10-01 04:00:00,CBOE,SELL,120.27692475278673,"COR, CCI, CRM, CBOE, BKNG, ANET, CCL, ADBE, AAPL, AMD, CPRT, AJG, BR, AES, CMI, AVY, CARR, CDNS, AMZN, CE, AME, ANSS, AMP, CL, COST, AMAT, ABT, CLX, AIZ"
2021-10-01 04:00:00,BKNG,SELL,401.8325087088224,"COR, CCI, CRM, CBOE, BKNG, ANET, CCL, ADBE, AAPL, AMD, CPRT, AJG, BR, AES, CMI, AVY, CARR, CDNS, AMZN, CE, AME, ANSS, AMP, CL, COST, AMAT, ABT, CLX, AIZ"
2021-10-01 04:00:00,ANET,BUY,192.28502303936057,"COR, CCI, CRM, CBOE, BKNG, ANET, CCL, ADBE, AAPL, AMD, CPRT, AJG, BR, AES, CMI, AVY, CARR, CDNS, AMZN, CE, AME, ANSS, AMP, CL, COST, AMAT, ABT, CLX, AIZ"
2021-10-01 04:00:00,AAPL,SELL,110.17763262827248,"COR, CCI, CRM, CBOE, BKNG, ANET, CCL, ADBE, AAPL, AMD, CPRT, AJG, BR, AES, CMI, AVY, CARR, CDNS, AMZN, CE, AME, ANSS, AMP, CL, COST, AMAT, ABT, CLX, AIZ"
2021-10-01 04:00:00,AMD,SELL,348.034492984455,"COR, CCI, CRM, CBOE, BKNG, ANET, CCL, ADBE, AAPL, AMD, CPRT, AJG, BR, AES, CMI, AVY, CARR, CDNS, AMZN, CE, AME, ANSS, AMP, CL, COST, AMAT, ABT, CLX, AIZ"
2021-10-01 04:00:00,CPRT,SELL,117.45617134438544,"COR, CCI, CRM, CBOE, BKNG, ANET, CCL, ADBE, AAPL, AMD, CPRT, AJG, BR, AES, CMI, AVY, CARR, CDNS, AMZN, CE, AME, ANSS, AMP, CL, COST, AMAT, ABT, CLX, AIZ"
2021-10-01 04:00:00,AJG,SELL,298.0316460742497,"COR, CCI, CRM, CBOE, BKNG, ANET, CCL, ADBE, AAPL, AMD, CPRT, AJG, BR, AES, CMI, AVY, CARR, CDNS, AMZN, CE, AME, ANSS, AMP, CL, COST, AMAT, ABT, CLX, AIZ"
2021-10-01 04:00:00,AES,BUY,575.7934096042818,"COR, CCI, CRM, CBOE, BKNG, ANET, CCL, ADBE, AAPL, AMD, CPRT, AJG, BR, AES, CMI, AVY, CARR, CDNS, AMZN, CE, AME, ANSS, AMP, CL, COST, AMAT, ABT, CLX, AIZ"
2021-10-01 04:00:00,CMI,BUY,285.3655906554591,"COR, CCI, CRM, CBOE, BKNG, ANET, CCL, ADBE, AAPL, AMD, CPRT, AJG, BR, AES, CMI, AVY, CARR, CDNS, AMZN, CE, AME, ANSS, AMP, CL, COST, AMAT, ABT, CLX, AIZ"
2021-10-01 04:00:00,CARR,SELL,259.58537610467374,"COR, CCI, CRM, CBOE, BKNG, ANET, CCL, ADBE, AAPL, AMD, CPRT, AJG, BR, AES, CMI, AVY, CARR, CDNS, AMZN, CE, AME, ANSS, AMP, CL, COST, AMAT, ABT, CLX, AIZ"
2021-10-01 04:00:00,CDNS,SELL,426.88480874531706,"COR, CCI, CRM, CBOE, BKNG, ANET, CCL, ADBE, AAPL, AMD, CPRT, AJG, BR, AES, CMI, AVY, CARR, CDNS, AMZN, CE, AME, ANSS, AMP, CL, COST, AMAT, ABT, CLX, AIZ"
2021-10-01 04:00:00,AMZN,BUY,144.90454208993833,"COR, CCI, CRM, CBOE, BKNG, ANET, CCL, ADBE, AAPL, AMD, CPRT, AJG, BR, AES, CMI, AVY, CARR, CDNS, AMZN, CE, AME, ANSS, AMP, CL, COST, AMAT, ABT, CLX, AIZ"
2021-10-01 04:00:00,AME,BUY,401.45296144928034,"COR, CCI, CRM, CBOE, BKNG, ANET, CCL, ADBE, AAPL, AMD, CPRT, AJG, BR, AES, CMI, AVY, CARR, CDNS, AMZN, CE, AME, ANSS, AMP, CL, COST, AMAT, ABT, CLX, AIZ"
2021-10-01 04:00:00,ANSS,BUY,100.6298974733827,"COR, CCI, CRM, CBOE, BKNG, ANET, CCL, ADBE, AAPL, AMD, CPRT, AJG, BR, AES, CMI, AVY, CARR, CDNS, AMZN, CE, AME, ANSS, AMP, CL, COST, AMAT, ABT, CLX, AIZ"
2021-10-01 04:00:00,AMP,SELL,243.18859107933713,"COR, CCI, CRM, CBOE, BKNG, ANET, CCL, ADBE, AAPL, AMD, CPRT, AJG, BR, AES, CMI, AVY, CARR, CDNS, AMZN, CE, AME, ANSS, AMP, CL, COST, AMAT, ABT, CLX, AIZ"
2021-10-01 04:00:00,CL,BUY,435.89122300668487,"COR, CCI, CRM, CBOE, BKNG, ANET, CCL, ADBE, AAPL, AMD, CPRT, AJG, BR, AES, CMI, AVY, CARR, CDNS, AMZN, CE, AME, ANSS, AMP, CL, COST, AMAT, ABT, CLX, AIZ"
2021-10-01 04:00:00,COST,SELL,604.492299992653,"COR, CCI, CRM, CBOE, BKNG, ANET, CCL, ADBE, AAPL, AMD, CPRT, AJG, BR, AES, CMI, AVY, CARR, CDNS, AMZN, CE, AME, ANSS, AMP, CL, COST, AMAT, ABT, CLX, AIZ"
2021-10-01 04:00:00,AMAT,BUY,307.2807500239287,"COR, CCI, CRM, CBOE, BKNG, ANET, CCL, ADBE, AAPL, AMD, CPRT, AJG, BR, AES, CMI, AVY, CARR, CDNS, AMZN, CE, AME, ANSS, AMP, CL, COST, AMAT, ABT, CLX, AIZ"
2021-10-01 04:00:00,CLX,BUY,852.1255798327261,"COR, CCI, CRM, CBOE, BKNG, ANET, CCL, ADBE, AAPL, AMD, CPRT, AJG, BR, AES, CMI, AVY, CARR, CDNS, AMZN, CE, AME, ANSS, AMP, CL, COST, AMAT, ABT, CLX, AIZ"
2022-01-03 05:00:00,COR,SELL,374.27379047519116,"COR, CCI, CRM, CBOE, BKNG, ANET, CCL, ADBE, AAPL, AMD, CPRT, AJG, BR, AES, CMI, AVY, CARR, CDNS, AMZN, CE, AME, ANSS, AMP, CL, COST, AMAT, ABT, CLX, AIZ"
2022-01-03 05:00:00,CCI,SELL,338.24086914970485,"COR, CCI, CRM, CBOE, BKNG, ANET, CCL, ADBE, AAPL, AMD, CPRT, AJG, BR, AES, CMI, AVY, CARR, CDNS, AMZN, CE, AME, ANSS, AMP, CL, COST, AMAT, ABT, CLX, AIZ"
2022-01-03 05:00:00,CRM,BUY,778.4462731992157,"COR, CCI, CRM, CBOE, BKNG, ANET, CCL, ADBE, AAPL, AMD, CPRT, AJG, BR, AES, CMI, AVY, CARR, CDNS, AMZN, CE, AME, ANSS, AMP, CL, COST, AMAT, ABT, CLX, AIZ"
2022-01-03 05:00:00,ANET,SELL,2069.8000455974952,"COR, CCI, CRM, CBOE, BKNG, ANET, CCL, ADBE, AAPL, AMD, CPRT, AJG, BR, AES, CMI, AVY, CARR, CDNS, AMZN, CE, AME, ANSS, AMP, CL, COST, AMAT, ABT, CLX, AIZ"
2022-01-03 05:00:00,CCL,BUY,1292.3935978970244,"COR, CCI, CRM, CBOE, BKNG, ANET, CCL, ADBE, AAPL, AMD, CPRT, AJG, BR, AES, CMI, AVY, CARR, CDNS, AMZN, CE, AME, ANSS, AMP, CL, COST, AMAT, ABT, CLX, AIZ"
2022-01-03 05:00:00,ADBE,BUY,673.2029714648747,"COR, CCI, CRM, CBOE, BKNG, ANET, CCL, ADBE, AAPL, AMD, CPRT, AJG, BR, AES, CMI, AVY, CARR, CDNS, AMZN, CE, AME, ANSS, AMP, CL, COST, AMAT, ABT, CLX, AIZ"
2022-01-03 05:00:00,AAPL,SELL,646.4930945324168,"COR, CCI, CRM, CBOE, BKNG, ANET, CCL, ADBE, AAPL, AMD, CPRT, AJG, BR, AES, CMI, AVY, CARR, CDNS, AMZN, CE, AME, ANSS, AMP, CL, COST, AMAT, ABT, CLX, AIZ"
2022-01-03 05:00:00,AMD,SELL,1427.0666804253133,"COR, CCI, CRM, CBOE, BKNG, ANET, CCL, ADBE, AAPL, AMD, CPRT, AJG, BR, AES, CMI, AVY, CARR, CDNS, AMZN, CE, AME, ANSS, AMP, CL, COST, AMAT, ABT, CLX, AIZ"
2022-01-03 05:00:00,CPRT,BUY,278.2767671430647,"COR, CCI, CRM, CBOE, BKNG, ANET, CCL, ADBE, AAPL, AMD, CPRT, AJG, BR, AES, CMI, AVY, CARR, CDNS, AMZN, CE, AME, ANSS, AMP, CL, COST, AMAT, ABT, CLX, AIZ"
2022-01-03 05:00:00,AJG,BUY,100.3184898084537,"COR, CCI, CRM, CBOE, BKNG, ANET, CCL, ADBE, AAPL, AMD, CPRT, AJG, BR, AES, CMI, AVY, CARR, CDNS, AMZN, CE, AME, ANSS, AMP, CL, COST, AMAT, ABT, CLX, AIZ"
2022-01-03 05:00:00,AES,BUY,219.03929688980497,"COR, CCI, CRM, CBOE, BKNG, ANET, CCL, ADBE, AAPL, AMD, CPRT, AJG, BR, AES, CMI, AVY, CARR, CDNS, AMZN, CE, AME, ANSS, AMP, CL, COST, AMAT, ABT, CLX, AIZ"
2022-01-03 05:00:00,CMI,BUY,635.2698277543068,"COR, CCI, CRM, CBOE, BKNG, ANET, CCL, ADBE, AAPL, AMD, CPRT, AJG, BR, AES, CMI, AVY, CARR, CDNS, AMZN, CE, AME, ANSS, AMP, CL, COST, AMAT, ABT, CLX, AIZ"
2022-01-03 05:00:00,AVY,BUY,521.860792225089,"COR, CCI, CRM, CBOE, BKNG, ANET, CCL, ADBE, AAPL, AMD, CPRT, AJG, BR, AES, CMI, AVY, CARR, CDNS, AMZN, CE, AME, ANSS, AMP, CL, COST, AMAT, ABT, CLX, AIZ"
2022-01-03 05:00:00,CARR,BUY,479.09928719591426,"COR, CCI, CRM, CBOE, BKNG, ANET, CCL, ADBE, AAPL, AMD, CPRT, AJG, BR, AES, CMI, AVY, CARR, CDNS, AMZN, CE, AME, ANSS, AMP, CL, COST, AMAT, ABT, CLX, AIZ"
2022-01-03 05:00:00,CDNS,SELL,323.39349502391724,"COR, CCI, CRM, CBOE, BKNG, ANET, CCL, ADBE, AAPL, AMD, CPRT, AJG, BR, AES, CMI, AVY, CARR, CDNS, AMZN, CE, AME, ANSS, AMP, CL, COST, AMAT, ABT, CLX, AIZ"
2022-01-03 05:00:00,AMZN,BUY,328.03896019897184,"COR, CCI, CRM, CBOE, BKNG, ANET, CCL, ADBE, AAPL, AMD, CPRT, AJG, BR, AES, CMI, AVY, CARR, CDNS, AMZN, CE, AME, ANSS, AMP, CL, COST, AMAT, ABT, CLX, AIZ"
2022-01-03 05:00:00,AME,SELL,129.56016472483861,"COR, CCI, CRM, CBOE, BKNG, ANET, CCL, ADBE, AAPL, AMD, CPRT, AJG, BR, AES, CMI, AVY, CARR, CDNS, AMZN, CE, AME, ANSS, AMP, CL, COST, AMAT, ABT, CLX, AIZ"
2022-01-03 05:00:00,ANSS,SELL,119.25559812381742,"COR, CCI, CRM, CBOE, BKNG, ANET, CCL, ADBE, AAPL, AMD, CPRT, AJG, BR, AES, CMI, AVY, CARR, CDNS, AMZN, CE, AME, ANSS, AMP, CL, COST, AMAT, ABT, CLX, AIZ"
2022-01-03 05:00:00,COST,SELL,597.8545069101556,"COR, CCI, CRM, CBOE, BKNG, ANET, CCL, ADBE, AAPL, AMD, CPRT, AJG, BR, AES, CMI, AVY, CARR, CDNS, AMZN, CE, AME, ANSS, AMP, CL, COST, AMAT, ABT, CLX, AIZ"
2022-01-03 05:00:00,AMAT,SELL,493.28481260766694,"COR, CCI, CRM, CBOE, BKNG, ANET, CCL, ADBE, AAPL, AMD, CPRT, AJG, BR, AES, CMI, AVY, CARR, CDNS, AMZN, CE, AME, ANSS, AMP, CL, COST, AMAT, ABT, CLX, AIZ"
2022-01-03 05:00:00,ABT,SELL,223.70597536865444,"COR, CCI, CRM, CBOE, BKNG, ANET, CCL, ADBE, AAPL, AMD, CPRT, AJG, BR, AES, CMI, AVY, CARR, CDNS, AMZN, CE, AME, ANSS, AMP, CL, COST, AMAT, ABT, CLX, AIZ"
2022-01-03 05:00:00,CLX,BUY,224.58515647247532,"COR, CCI, CRM, CBOE, BKNG, ANET, CCL, ADBE, AAPL, AMD, CPRT, AJG, BR, AES, CMI, AVY, CARR, CDNS, AMZN, CE, AME, ANSS, AMP, CL, COST, AMAT, ABT, CLX, AIZ"
2022-01-03 05:00:00,AIZ,BUY,547.2247808681432,"COR, CCI, CRM, CBOE, BKNG, ANET, CCL, ADBE, AAPL, AMD, CPRT, AJG, BR, AES, CMI, AVY, CARR, CDNS, AMZN, CE, AME, ANSS, AMP, CL, COST, AMAT, ABT, CLX, AIZ"
2022-04-01 04:00:00,COR,SELL,532.0699339495686,"COR, CCI, CRM, CBOE, BKNG, ANET, CCL, ADBE, AAPL, AMD, CPRT, AJG, BR, AES, CMI, AVY, CARR, CDNS, AMZN, CE, AME, ANSS, AMP, CL, COST, AMAT, ABT, CLX, CEG, AIZ"
2022-04-01 04:00:00,CCI,SELL,119.77885653008252,"COR, CCI, CRM, CBOE, BKNG, ANET, CCL, ADBE, AAPL, AMD, CPRT, AJG, BR, AES, CMI, AVY, CARR, CDNS, AMZN, CE, AME, ANSS, AMP, CL, COST, AMAT, ABT, CLX, CEG, AIZ"
2022-04-01 04:00:00,CRM,BUY,242.64836709637893,"COR, CCI, CRM, CBOE, BKNG, ANET, CCL, ADBE, AAPL, AMD, CPRT, AJG, BR, AES, CMI, AVY, CARR, CDNS, AMZN, CE, AME, ANSS, AMP, CL, COST, AMAT, ABT, CLX, CEG, AIZ"
2022-04-01 04:00:00,CBOE,BUY,170.40570658973547,"COR, CCI, CRM, CBOE, BKNG, ANET, CCL, ADBE, AAPL, AMD, CPRT, AJG, BR, AES, CMI, AVY, CARR, CDNS, AMZN, CE, AME, ANSS, AMP, CL, COST, AMAT, ABT, CLX, CEG, AIZ"
2022-04-01 04:00:00,ANET,SELL,443.19694318912207,"COR, CCI, CRM, CBOE, BKNG, ANET, CCL, ADBE, AAPL, AMD, CPRT, AJG, BR, AES, CMI, AVY, CARR, CDNS, AMZN, CE, AME, ANSS, AMP, CL, COST, AMAT, ABT, CLX, CEG, AIZ"
2022-04-01 04:00:00,CCL,SELL,241.1290875375298,"COR, CCI, CRM, CBOE, BKNG, ANET, CCL, ADBE, AAPL, AMD, CPRT, AJG, BR, AES, CMI, AVY, CARR, CDNS, AMZN, CE, AME, ANSS, AMP, CL, COST, AMAT, ABT, CLX, CEG, AIZ"
2022-04-01 04:00:00,ADBE,BUY,329.64031393246523,"COR, CCI, CRM, CBOE, BKNG, ANET, CCL, ADBE, AAPL, AMD, CPRT, AJG, BR, AES, CMI, AVY, CARR, CDNS, AMZN, CE, AME, ANSS, AMP, CL, COST, AMAT, ABT, CLX, CEG, AIZ"
2022-04-01 04:00:00,AAPL,SELL,338.30377405471245,"COR, CCI, CRM, CBOE, BKNG, ANET, CCL, ADBE, AAPL, AMD, CPRT, AJG, BR, AES, CMI, AVY, CARR, CDNS, AMZN, CE, AME, ANSS, AMP, CL, COST, AMAT, ABT, CLX, CEG, AIZ"
2022-04-01 04:00:00,AMD,BUY,749.855847969548,"COR, CCI, CRM, CBOE, BKNG, ANET, CCL, ADBE, AAPL, AMD, CPRT, AJG, BR, AES, CMI, AVY, CARR, CDNS, AMZN, CE, AME, ANSS, AMP, CL, COST, AMAT, ABT, CLX, CEG, AIZ"
2022-04-01 04:00:00,CPRT,BUY,130.87942710846937,"COR, CCI, CRM, CBOE, BKNG, ANET, CCL, ADBE, AAPL, AMD, CPRT, AJG, BR, AES, CMI, AVY, CARR, CDNS, AMZN, CE, AME, ANSS, AMP, CL, COST, AMAT, ABT, CLX, CEG, AIZ"
2022-04-01 04:00:00,AJG,SELL,798.2923266793559,"COR, CCI, CRM, CBOE, BKNG, ANET, CCL, ADBE, AAPL, AMD, CPRT, AJG, BR, AES, CMI, AVY, CARR, CDNS, AMZN, CE, AME, ANSS, AMP, CL, COST, AMAT, ABT, CLX, CEG, AIZ"
2022-04-01 04:00:00,BR,BUY,151.0743134559466,"COR, CCI, CRM, CBOE, BKNG, ANET, CCL, ADBE, AAPL, AMD, CPRT, AJG, BR, AES, CMI, AVY, CARR, CDNS, AMZN, CE, AME, ANSS, AMP, CL, COST, AMAT, ABT, CLX, CEG, AIZ"
2022-04-01 04:00:00,AES,SELL,877.7438252748616,"COR, CCI, CRM, CBOE, BKNG, ANET, CCL, ADBE, AAPL, AMD, CPRT, AJG, BR, AES, CMI, AVY, CARR, CDNS, AMZN, CE, AME, ANSS, AMP, CL, COST, AMAT, ABT, CLX, CEG, AIZ"
2022-04-01 04:00:00,CMI,SELL,146.09392788610512,"COR, CCI, CRM, CBOE, BKNG, ANET, CCL, ADBE, AAPL, AMD, CPRT, AJG, BR, AES, CMI, AVY, CARR, CDNS, AMZN, CE, AME, ANSS, AMP, CL, COST, AMAT, ABT, CLX, CEG, AIZ"
2022-04-01 04:00:00,AVY,BUY,245.0896172024195,"COR, CCI, CRM, CBOE, BKNG, ANET, CCL, ADBE, AAPL, AMD, CPRT, AJG, BR, AES, CMI, AVY, CARR, CDNS, AMZN, CE, AME, ANSS, AMP, CL, COST, AMAT, ABT, CLX, CEG, AIZ"
2022-04-01 04:00:00,AMZN,SELL,348.1015787912165,"COR, CCI, CRM, CBOE, BKNG, ANET, CCL, ADBE, AAPL, AMD, CPRT, AJG, BR, AES, CMI, AVY, CARR, CDNS, AMZN, CE, AME, ANSS, AMP, CL, COST, AMAT, ABT, CLX, CEG, AIZ"
2022-04-01 04:00:00,CE,BUY,250.24095299962573,"COR, CCI, CRM, CBOE, BKNG, ANET, CCL, ADBE, AAPL, AMD, CPRT, AJG, BR, AES, CMI, AVY, CARR, CDNS, AMZN, CE, AME, ANSS, AMP, CL, COST, AMAT, ABT, CLX, CEG, AIZ"
2022-04-01 04:00:00,AME,SELL,235.9060621046574,"COR, CCI, CRM, CBOE, BKNG, ANET, CCL, ADBE, AAPL, AMD, CPRT, AJG, BR, AES, CMI, AVY, CARR, CDNS, AMZN, CE, AME, ANSS, AMP, CL, COST, AMAT, ABT, CLX, CEG, AIZ"
2022-04-01 04:00:00,ANSS,BUY,382.83093774061217,"COR, CCI, CRM, CBOE, BKNG, ANET, CCL, ADBE, AAPL, AMD, CPRT, AJG, BR, AES, CMI, AVY, CARR, CDNS, AMZN, CE, AME, ANSS, AMP, CL, COST, AMAT, ABT, CLX, CEG, AIZ"
2022-04-01 04:00:00,AMP,SELL,488.8465986676083,"COR, CCI, CRM, CBOE, BKNG, ANET, CCL, ADBE, AAPL, AMD, CPRT, AJG, BR, AES, CMI, AVY, CARR, CDNS, AMZN, CE, AME, ANSS, AMP, CL, COST, AMAT, ABT, CLX, CEG, AIZ"
2022-04-01 04:00:00,COST,SELL,603.6769048379128,"COR, CCI, CRM, CBOE, BKNG, ANET, CCL, ADBE, AAPL, AMD, CPRT, AJG, BR, AES, CMI, AVY, CARR, CDNS, AMZN, CE, AME, ANSS, AMP, CL, COST, AMAT, ABT, CLX, CEG, AIZ"
2022-04-01 04:00:00,AMAT,BUY,399.25891637967015,"COR, CCI, CRM, CBOE, BKNG, ANET, CCL, ADBE, AAPL, AMD, CPRT, AJG, BR, AES, CMI, AVY, CARR, CDNS, AMZN, CE, AME, ANSS, AMP, CL, COST, AMAT, ABT, CLX, CEG, AIZ"
2022-04-01 04:00:00,ABT,BUY,141.91211128079703,"COR, CCI, CRM, CBOE, BKNG, ANET, CCL, ADBE, AAPL, AMD, CPRT, AJG, BR, AES, CMI, AVY, CARR, CDNS, AMZN, CE, AME, ANSS, AMP, CL, COST, AMAT, ABT, CLX, CEG, AIZ"
2022-04-01 04:00:00,CLX,BUY,308.4019566805687,"COR, CCI, CRM, CBOE, BKNG, ANET, CCL, ADBE, AAPL, AMD, CPRT, AJG, BR, AES, CMI, AVY, CARR, CDNS, AMZN, CE, AME, ANSS, AMP, CL, COST, AMAT, ABT, CLX, CEG, AIZ"
2022-04-01 04:00:00,AIZ,SELL,1386.4387801820685,"COR, CCI, CRM, CBOE, BKNG, ANET, CCL, ADBE, AAPL, AMD, CPRT, AJG, BR, AES, CMI, AVY, CARR, CDNS, AMZN, CE, AME, ANSS, AMP, CL, COST, AMAT, ABT, CLX, CEG, AIZ"
2022-07-01 04:00:00,COR,SELL,631.0378870018712,"COR, CCI, CRM, CBOE, BKNG, ANET, CCL, ADBE, AAPL, AMD, CPRT, AJG, BR, AES, CMI, AVY, CARR, CDNS, AMZN, CE, AME, ANSS, AMP, CL, COST, AMAT, ABT, CLX, CEG, AIZ"
2022-07-01 04:00:00,CCI,SELL,273.85178763917474,"COR, CCI, CRM, CBOE, BKNG, ANET, CCL, ADBE, AAPL, AMD, CPRT, AJG, BR, AES, CMI, AVY, CARR, CDNS, AMZN, CE, AME, ANSS, AMP, CL, COST, AMAT, ABT, CLX, CEG, AIZ"
2022-07-01 04:00:00,CRM,BUY,209.09971961848214,"COR, CCI, CRM, CBOE, BKNG, ANET, CCL, ADBE, AAPL, AMD, CPRT, AJG, BR, AES, CMI, AVY, CARR, CDNS, AMZN, CE, AME, ANSS, AMP, CL, COST, AMAT, ABT, CLX, CEG, AIZ"
2022-07-01 04:00:00,CBOE,SELL,555.8611920625481,"COR, CCI, CRM, CBOE, BKNG, ANET, CCL, ADBE, AAPL, AMD, CPRT, AJG, BR, AES, CMI, AVY, CARR, CDNS, AMZN, CE, AME, ANSS, AMP, CL, COST, AMAT, ABT, CLX, CEG, AIZ"
2022-07-01 04:00:00,BKNG,BUY,468.0781159036469,"COR, CCI, CRM, CBOE, BKNG, ANET, CCL, ADBE, AAPL, AMD, CPRT, AJG, BR, AES, CMI, AVY, CARR, CDNS, AMZN, CE, AME, ANSS, AMP, CL, COST, AMAT, ABT, CLX, CEG, AIZ"
2022-07-01 04:00:00,ANET,BUY,706.0454757735329,"COR, CCI, CRM, CBOE, BKNG, ANET, CCL, ADBE, AAPL, AMD, CPRT, AJG, BR, AES, CMI, AVY, CARR, CDNS, AMZN, CE, AME, ANSS, AMP, CL, COST, AMAT, ABT, CLX, CEG, AIZ"
2022-07-01 04:00:00,CCL,BUY,1636.307025029129,"COR, CCI, CRM, CBOE, BKNG, ANET, CCL, ADBE, AAPL, AMD, CPRT, AJG, BR, AES, CMI, AVY, CARR, CDNS, AMZN, CE, AME, ANSS, AMP, CL, COST, AMAT, ABT, CLX, CEG, AIZ"
2022-07-01 04:00:00,ADBE,BUY,161.55005621683267,"COR, CCI, CRM, CBOE, BKNG, ANET, CCL, ADBE, AAPL, AMD, CPRT, AJG, BR, AES, CMI, AVY, CARR, CDNS, AMZN, CE, AME, ANSS, AMP, CL, COST, AMAT, ABT, CLX, CEG, AIZ"
2022-07-01 04:00:00,AAPL,BUY,190.61377315412346,"COR, CCI, CRM, CBOE, BKNG, ANET, CCL, ADBE, AAPL, AMD, CPRT, AJG, BR, AES, CMI, AVY, CARR, CDNS, AMZN, CE, AME, ANSS, AMP, CL, COST, AMAT, ABT, CLX, CEG, AIZ"
2022-07-01 04:00:00,AMD,BUY,660.5854333912926,"COR, CCI, CRM, CBOE, BKNG, ANET, CCL, ADBE, AAPL, AMD, CPRT, AJG, BR, AES, CMI, AVY, CARR, CDNS, AMZN, CE, AME, ANSS, AMP, CL, COST, AMAT, ABT, CLX, CEG, AIZ"
2022-07-01 04:00:00,CPRT,SELL,131.46617673790888,"COR, CCI, CRM, CBOE, BKNG, ANET, CCL, ADBE, AAPL, AMD, CPRT, AJG, BR, AES, CMI, AVY, CARR, CDNS, AMZN, CE, AME, ANSS, AMP, CL, COST, AMAT, ABT, CLX, CEG, AIZ"
2022-07-01 04:00:00,AJG,SELL,360.93446061682926,"COR, CCI, CRM, CBOE, BKNG, ANET, CCL, ADBE, AAPL, AMD, CPRT, AJG, BR, AES, CMI, AVY, CARR, CDNS, AMZN, CE, AME, ANSS, AMP, CL, COST, AMAT, ABT, CLX, CEG, AIZ"
2022-07-01 04:00:00,BR,SELL,374.90712596781395,"COR, CCI, CRM, CBOE, BKNG, ANET, CCL, ADBE, AAPL, AMD, CPRT, AJG, BR, AES, CMI, AVY, CARR, CDNS, AMZN, CE, AME, ANSS, AMP, CL, COST, AMAT, ABT, CLX, CEG, AIZ"
2022-07-01 04:00:00,AES,BUY,100.77131428584926,"COR, CCI, CRM, CBOE, BKNG, ANET, CCL, ADBE, AAPL, AMD, CPRT, AJG, BR, AES, CMI, AVY, CARR, CDNS, AMZN, CE, AME, ANSS, AMP, CL, COST, AMAT, ABT, CLX, CEG, AIZ"
2022-07-01 04:00:00,CMI,SELL,491.69094797443677,"COR, CCI, CRM, CBOE, BKNG, ANET, CCL, ADBE, AAPL, AMD, CPRT, AJG, BR, AES, CMI, AVY, CARR, CDNS, AMZN, CE, AME, ANSS, AMP, CL, COST, AMAT, ABT, CLX, CEG, AIZ"
2022-07-01 04:00:00,AVY,SELL,385.8941670705872,"COR, CCI, CRM, CBOE, BKNG, ANET, CCL, ADBE, AAPL, AMD, CPRT, AJG, BR, AES, CMI, AVY, CARR, CDNS, AMZN, CE, AME, ANSS, AMP, CL, COST, AMAT, ABT, CLX, CEG, AIZ"
2022-07-01 04:00:00,CARR,BUY,277.5730258153776,"COR, CCI, CRM, CBOE, BKNG, ANET, CCL, ADBE, AAPL, AMD, CPRT, AJG, BR, AES, CMI, AVY, CARR, CDNS, AMZN, CE, AME, ANSS, AMP, CL, COST, AMAT, ABT, CLX, CEG, AIZ"
2022-07-01 04:00:00,CDNS,SELL,324.8920418882417,"COR, CCI, CRM, CBOE, BKNG, ANET, CCL, ADBE, AAPL, AMD, CPRT, AJG, BR, AES, CMI, AVY, CARR, CDNS, AMZN, CE, AME, ANSS, AMP, CL, COST, AMAT, ABT, CLX, CEG, AIZ"
2022-07-01 04:00:00,AMZN,BUY,705.4618244799708,"COR, CCI, CRM, CBOE, BKNG, ANET, CCL, ADBE, AAPL, AMD, CPRT, AJG, BR, AES, CMI, AVY, CARR, CDNS, AMZN, CE, AME, ANSS, AMP, CL, COST, AMAT, ABT, CLX, CEG, AIZ"
2022-07-01 04:00:00,CE,BUY,156.72054260594632,"COR, CCI, CRM, CBOE, BKNG, ANET, CCL, ADBE, AAPL, AMD, CPRT, AJG, BR, AES, CMI, AVY, CARR, CDNS, AMZN, CE, AME, ANSS, AMP, CL, COST, AMAT, ABT, CLX, CEG, AIZ"
2022-07-01 04:00:00,ANSS,BUY,344.8878178299892,"COR, CCI, CRM, CBOE, BKNG, ANET, CCL, ADBE, AAPL, AMD, CPRT, AJG, BR, AES, CMI, AVY, CARR, CDNS, AMZN, CE, AME, ANSS, AMP, CL, COST, AMAT, ABT, CLX, CEG, AIZ"
2022-07-01 04:00:00,AMP,BUY,178.01226751886315,"COR, CCI, CRM, CBOE, BKNG, ANET, CCL, ADBE, AAPL, AMD, CPRT, AJG, BR, AES, CMI, AVY, CARR, CDNS, AMZN, CE, AME, ANSS, AMP, CL, COST, AMAT, ABT, CLX, CEG, AIZ"
2022-07-01 04:00:00,CL,SELL,1025.657870848922,"COR, CCI, CRM, CBOE, BKNG, ANET, CCL, ADBE, AAPL, AMD, CPRT, AJG, BR, AES, CMI, AVY, CARR, CDNS, AMZN, CE, AME, ANSS, AMP, CL, COST, AMAT, ABT, CLX, CEG, AIZ"
2022-07-01 04:00:00,AMAT,BUY,676.074658702456,"COR, CCI, CRM, CBOE, BKNG, ANET, CCL, ADBE, AAPL, AMD, CPRT, AJG, BR, AES, CMI, AVY, CARR, CDNS, AMZN, CE, AME, ANSS, AMP, CL, COST, AMAT, ABT, CLX, CEG, AIZ"
2022-07-01 04:00:00,ABT,SELL,345.64243840780546,"COR, CCI, CRM, CBOE, BKNG, ANET, CCL, ADBE, AAPL, AMD, CPRT, AJG, BR, AES, CMI, AVY, CARR, CDNS, AMZN, CE, AME, ANSS, AMP, CL, COST, AMAT, ABT, CLX, CEG, AIZ"
2022-07-01 04:00:00,CLX,SELL,661.3639863153079,"COR, CCI, CRM, CBOE, BKNG, ANET, CCL, ADBE, AAPL, AMD, CPRT, AJG, BR, AES, CMI, AVY, CARR, CDNS, AMZN, CE, AME, ANSS, AMP, CL, COST, AMAT, ABT, CLX, CEG, AIZ"
2022-07-01 04:00:00,AIZ,SELL,403.54734070658424,"COR, CCI, CRM, CBOE, BKNG, ANET, CCL, ADBE, AAPL, AMD, CPRT, AJG, BR, AES, CMI, AVY, CARR, CDNS, AMZN, CE, AME, ANSS, AMP, CL, COST, AMAT, ABT, CLX, CEG, AIZ"
2022-10-03 04:00:00,CCI,BUY,415.61546894762705,"COR, CCI, CRM, CBOE, BKNG, ANET, CCL, ADBE, AAPL, AMD, CPRT, AJG, BR, AES, CMI, AVY, CARR, CDNS, AMZN, CE, AME, ANSS, AMP, CL, COST, AMAT, ABT, CLX, CEG, AIZ"
2022-10-03 04:00:00,CRM,BUY,339.32947180208976,"COR, CCI, CRM, CBOE, BKNG, ANET, CCL, ADBE, AAPL, AMD, CPRT, AJG, BR, AES, CMI, AVY, CARR, CDNS, AMZN, CE, AME, ANSS, AMP, CL, COST, AMAT, ABT, CLX, CEG, AIZ"
2022-10-03 04:00:00,CBOE,SELL,175.87386204028644,"COR, CCI, CRM, CBOE, BKNG, ANET, CCL, ADBE, AAPL, AMD, CPRT, AJG, BR, AES, CMI, AVY, CARR, CDNS, AMZN, CE, AME, ANSS, AMP, CL, COST, AMAT, ABT, CLX, CEG, AIZ"
2022-10-03 04:00:00,ANET,SELL,893.2313054172441,"COR, CCI, CRM, CBOE, BKNG, ANET, CCL, ADBE, AAPL, AMD, CPRT, AJG, BR, AES, CMI, AVY, CARR, CDNS, AMZN, CE, AME, ANSS, AMP, CL, COST, AMAT, ABT, CLX, CEG, AIZ"
2022-10-03 04:00:00,CCL,BUY,690.1477169306932,"COR, CCI, CRM, CBOE, BKNG, ANET, CCL, ADBE, AAPL, AMD, CPRT, AJG, BR, AES, CMI, AVY, CARR, CDNS, AMZN, CE, AME, ANSS, AMP, CL, COST, AMAT, ABT, CLX, CEG, AIZ"
2022-10-03 04:00:00,ADBE,BUY,698.8441277891379,"COR, CCI, CRM, CBOE, BKNG, ANET, CCL, ADBE, AAPL, AMD, CPRT, AJG, BR, AES, CMI, AVY, CARR, CDNS, AMZN, CE, AME, ANSS, AMP, CL, COST, AMAT, ABT, CLX, CEG, AIZ"
2022-10-03 04:00:00,AAPL,SELL,159.6523045479466,"COR, CCI, CRM, CBOE, BKNG, ANET, CCL, ADBE, AAPL, AMD, CPRT, AJG, BR, AES, CMI, AVY, CARR, CDNS, AMZN, CE, AME, ANSS, AMP, CL, COST, AMAT, ABT, CLX, CEG, AIZ"
2022-10-03 04:00:00,AMD,BUY,277.58345850617525,"COR, CCI, CRM, CBOE, BKNG, ANET, CCL, ADBE, AAPL, AMD, CPRT, AJG, BR, AES, CMI, AVY, CARR, CDNS, AMZN, CE, AME, ANSS, AMP, CL, COST, AMAT, ABT, CLX, CEG, AIZ"
2022-10-03 04:00:00,AJG,SELL,321.1106732344783,"COR, CCI, CRM, CBOE, BKNG, ANET, CCL, ADBE, AAPL, AMD, CPRT, AJG, BR, AES, CMI, AVY, CARR, CDNS, AMZN, CE, AME, ANSS, AMP, CL, COST, AMAT, ABT, CLX, CEG, AIZ"
2022-10-03 04:00:00,BR,SELL,131.1859590279896,"COR, CCI, CRM, CBOE, BKNG, ANET, CCL, ADBE, AAPL, AMD, CPRT, AJG, BR, AES, CMI, AVY, CARR, CDNS, AMZN, CE, AME, ANSS, AMP, CL, COST, AMAT, ABT, CLX, CEG, AIZ"
2022-10-03 04:00:00,AES,SELL,403.96525769644404,"COR, CCI, CRM, CBOE, BKNG, ANET, CCL, ADBE, AAPL, AMD, CPRT, AJG, BR, AES, CMI, AVY, CARR, CDNS, AMZN, CE, AME, ANSS, AMP, CL, COST, AMAT, ABT, CLX, CEG, AIZ"
2022-10-03 04:00:00,CMI,SELL,345.58231203226705,"COR, CCI, CRM, CBOE, BKNG, ANET, CCL, ADBE, AAPL, AMD, CPRT, AJG, BR, AES, CMI, AVY, CARR, CDNS, AMZN, CE, AME, ANSS, AMP, CL, COST, AMAT, ABT, CLX, CEG, AIZ"
2022-10-03 04:00:00,AVY,SELL,149.1306566748326,"COR, CCI, CRM, CBOE, BKNG, ANET, CCL, ADBE, AAPL, AMD, CPRT, AJG, BR, AES, CMI, AVY, CARR, CDNS, AMZN, CE, AME, ANSS, AMP, CL, COST, AMAT, ABT, CLX, CEG, AIZ"
2022-10-03 04:00:00,CARR,SELL,149.95978062545555,"COR, CCI, CRM, CBOE, BKNG, ANET, CCL, ADBE, AAPL, AMD, CPRT, AJG, BR, AES, CMI, AVY, CARR, CDNS, AMZN, CE, AME, ANSS, AMP, CL, COST, AMAT, ABT, CLX, CEG, AIZ"
2022-10-03 04:00:00,CDNS,SELL,544.3958486570532,"COR, CCI, CRM, CBOE, BKNG, ANET, CCL, ADBE, AAPL, AMD, CPRT, AJG, BR, AES, CMI, AVY, CARR, CDNS, AMZN, CE, AME, ANSS, AMP, CL, COST, AMAT, ABT, CLX, CEG, AIZ"
2022-10-03 04:00:00,AMZN,SELL,270.1904115093548,"COR, CCI, CRM, CBOE, BKNG, ANET, CCL, ADBE, AAPL, AMD, CPRT, AJG, BR, AES, CMI, AVY, CARR, CDNS, AMZN, CE, AME, ANSS, AMP, CL, COST, AMAT, ABT, CLX, CEG, AIZ"
2022-10-03 04:00:00,CE,BUY,561.202668400831,"COR, CCI, CRM, CBOE, BKNG, ANET, CCL, ADBE, AAPL, AMD, CPRT, AJG, BR, AES, CMI, AVY, CARR, CDNS, AMZN, CE, AME, ANSS, AMP, CL, COST, AMAT, ABT, CLX, CEG, AIZ"
2022-10-03 04:00:00,AME,SELL,197.12088285691607,"COR, CCI, CRM, CBOE, BKNG, ANET, CCL, ADBE, AAPL, AMD, CPRT, AJG, BR, AES, CMI, AVY, CARR, CDNS, AMZN, CE, AME, ANSS, AMP, CL, COST, AMAT, ABT, CLX, CEG, AIZ"
2022-10-03 04:00:00,ANSS,BUY,100.7725696499192,"COR, CCI, CRM, CBOE, BKNG, ANET, CCL, ADBE, AAPL, AMD, CPRT, AJG, BR, AES, CMI, AVY, CARR, CDNS, AMZN, CE, AME, ANSS, AMP, CL, COST, AMAT, ABT, CLX, CEG, AIZ"
2022-10-03 04:00:00,AMP,SELL,424.0158008022663,"COR, CCI, CRM, CBOE, BKNG, ANET, CCL, ADBE, AAPL, AMD, CPRT, AJG, BR, AES, CMI, AVY, CARR, CDNS, AMZN, CE, AME, ANSS, AMP, CL, COST, AMAT, ABT, CLX, CEG, AIZ"
2022-10-03 04:00:00,CL,BUY,379.6435324133322,"COR, CCI, CRM, CBOE, BKNG, ANET, CCL, ADBE, AAPL, AMD, CPRT, AJG, BR, AES, CMI, AVY, CARR, CDNS, AMZN, CE, AME, ANSS, AMP, CL, COST, AMAT, ABT, CLX, CEG, AIZ"
2022-10-03 04:00:00,ABT,BUY,258.6487121879227,"COR, CCI, CRM, CBOE, BKNG, ANET, CCL, ADBE, AAPL, AMD, CPRT, AJG, BR, AES, CMI, AVY, CARR, CDNS, AMZN, CE, AME, ANSS, AMP, CL, COST, AMAT, ABT, CLX, CEG, AIZ"
2022-10-03 04:00:00,CLX,BUY,262.21998518857345,"COR, CCI, CRM, CBOE, BKNG, ANET, CCL, ADBE, AAPL, AMD, CPRT, AJG, BR, AES, CMI, AVY, CARR, CDNS, AMZN, CE, AME, ANSS, AMP, CL, COST, AMAT, ABT, CLX, CEG, AIZ"
2022-10-03 04:00:00,CEG,BUY,3343.995561363175,"COR, CCI, CRM, CBOE, BKNG, ANET, CCL, ADBE, AAPL, AMD, CPRT, AJG, BR, AES, CMI, AVY, CARR, CDNS, AMZN, CE, AME, ANSS, AMP, CL, COST, AMAT, ABT, CLX, CEG, AIZ"
2023-01-03 05:00:00,BKNG,SELL,428.7251536694798,"COR, CCI, CRM, CBOE, BKNG, ANET, CCL, ADBE, AAPL, AMD, CPRT, AJG, BR, AES, CMI, AVY, CARR, CDNS, AMZN, CE, AME, ANSS, AMP, CL, COST, AMAT, ABT, CLX, CEG, AIZ"
2023-01-03 05:00:00,CCL,SELL,391.71324227160676,"COR, CCI, CRM, CBOE, BKNG, ANET, CCL, ADBE, AAPL, AMD, CPRT, AJG, BR, AES, CMI, AVY, CARR, CDNS, AMZN, CE, AME, ANSS, AMP, CL, COST, AMAT, ABT, CLX, CEG, AIZ"
2023-01-03 05:00:00,ADBE,SELL,450.8254210761038,"COR, CCI, CRM, CBOE, BKNG, ANET, CCL, ADBE, AAPL, AMD, CPRT, AJG, BR, AES, CMI, AVY, CARR, CDNS, AMZN, CE, AME, ANSS, AMP, CL, COST, AMAT, ABT, CLX, CEG, AIZ"
2023-01-03 05:00:00,AAPL,BUY,563.03551722049,"COR, CCI, CRM, CBOE, BKNG, ANET, CCL, ADBE, AAPL, AMD, CPRT, AJG, BR, AES, CMI, AVY, CARR, CDNS, AMZN, CE, AME, ANSS, AMP, CL, COST, AMAT, ABT, CLX, CEG, AIZ"
2023-01-03 05:00:00,AMD,BUY,260.75923415483567,"COR, CCI, CRM, CBOE, BKNG, ANET, CCL, ADBE, AAPL, AMD, CPRT, AJG, BR, AES, CMI, AVY, CARR, CDNS, AMZN, CE, AME, ANSS, AMP, CL, COST, AMAT, ABT, CLX, CEG, AIZ"
2023-01-03 05:00:00,CPRT,SELL,313.49189919637865,"COR, CCI, CRM, CBOE, BKNG, ANET, CCL, ADBE, AAPL, AMD, CPRT, AJG, BR, AES, CMI, AVY, CARR, CDNS, AMZN, CE, AME, ANSS, AMP, CL, COST, AMAT, ABT, CLX, CEG, AIZ"
2023-01-03 05:00:00,BR,BUY,477.29283274533964,"COR, CCI, CRM, CBOE, BKNG, ANET, CCL, ADBE, AAPL, AMD, CPRT, AJG, BR, AES, CMI, AVY, CARR, CDNS, AMZN, CE, AME, ANSS, AMP, CL, COST, AMAT, ABT, CLX, CEG, AIZ"
2023-01-03 05:00:00,AES,SELL,490.76335803124084,"COR, CCI, CRM, CBOE, BKNG, ANET, CCL, ADBE, AAPL, AMD, CPRT, AJG, BR, AES, CMI, AVY, CARR, CDNS, AMZN, CE, AME, ANSS, AMP, CL, COST, AMAT, ABT, CLX, CEG, AIZ"
2023-01-03 05:00:00,CMI,SELL,346.7405796226535,"COR, CCI, CRM, CBOE, BKNG, ANET, CCL, ADBE, AAPL, AMD, CPRT, AJG, BR, AES, CMI, AVY, CARR, CDNS, AMZN, CE, AME, ANSS, AMP, CL, COST, AMAT, ABT, CLX, CEG, AIZ"
2023-01-03 05:00:00,AVY,SELL,145.53939915301225,"COR, CCI, CRM, CBOE, BKNG, ANET, CCL, ADBE, AAPL, AMD, CPRT, AJG, BR, AES, CMI, AVY, CARR, CDNS, AMZN, CE, AME, ANSS, AMP, CL, COST, AMAT, ABT, CLX, CEG, AIZ"
2023-01-03 05:00:00,CARR,SELL,281.0126045529182,"COR, CCI, CRM, CBOE, BKNG, ANET, CCL, ADBE, AAPL, AMD, CPRT, AJG, BR, AES, CMI, AVY, CARR, CDNS, AMZN, CE, AME, ANSS, AMP, CL, COST, AMAT, ABT, CLX, CEG, AIZ"
2023-01-03 05:00:00,CDNS,BUY,363.9928634177654,"COR, CCI, CRM, CBOE, BKNG, ANET, CCL, ADBE, AAPL, AMD, CPRT, AJG, BR, AES, CMI, AVY, CARR, CDNS, AMZN, CE, AME, ANSS, AMP, CL, COST, AMAT, ABT, CLX, CEG, AIZ"
2023-01-03 05:00:00,AMZN,BUY,1022.4956931797528,"COR, CCI, CRM, CBOE, BKNG, ANET, CCL, ADBE, AAPL, AMD, CPRT, AJG, BR, AES, CMI, AVY, CARR, CDNS, AMZN, CE, AME, ANSS, AMP, CL, COST, AMAT, ABT, CLX, CEG, AIZ"
2023-01-03 05:00:00,CE,SELL,129.89286928905676,"COR, CCI, CRM, CBOE, BKNG, ANET, CCL, ADBE, AAPL, AMD, CPRT, AJG, BR, AES, CMI, AVY, CARR, CDNS, AMZN, CE, AME, ANSS, AMP, CL, COST, AMAT, ABT, CLX, CEG, AIZ"
2023-01-03 05:00:00,AME,SELL,498.39526294065354,"COR, CCI, CRM, CBOE, BKNG, ANET, CCL, ADBE, AAPL, AMD, CPRT, AJG, BR, AES, CMI, AVY, CARR, CDNS, AMZN, CE, AME, ANSS, AMP, CL, COST, AMAT, ABT, CLX, CEG, AIZ"
2023-01-03 05:00:00,AMP,SELL,459.826807624348,"COR, CCI, CRM, CBOE, BKNG, ANET, CCL, ADBE, AAPL, AMD, CPRT, AJG, BR, AES, CMI, AVY, CARR, CDNS, AMZN, CE, AME, ANSS, AMP, CL, COST, AMAT, ABT, CLX, CEG, AIZ"
2023-01-03 05:00:00,CL,SELL,222.1036559349227,"COR, CCI, CRM, CBOE, BKNG, ANET, CCL, ADBE, AAPL, AMD, CPRT, AJG, BR, AES, CMI, AVY, CARR, CDNS, AMZN, CE, AME, ANSS, AMP, CL, COST, AMAT, ABT, CLX, CEG, AIZ"
2023-01-03 05:00:00,COST,BUY,311.0208672456156,"COR, CCI, CRM, CBOE, BKNG, ANET, CCL, ADBE, AAPL, AMD, CPRT, AJG, BR, AES, CMI, AVY, CARR, CDNS, AMZN, CE, AME, ANSS, AMP, CL, COST, AMAT, ABT, CLX, CEG, AIZ"
2023-01-03 05:00:00,AMAT,SELL,332.34392196756926,"COR, CCI, CRM, CBOE, BKNG, ANET, CCL, ADBE, AAPL, AMD, CPRT, AJG, BR, AES, CMI, AVY, CARR, CDNS, AMZN, CE, AME, ANSS, AMP, CL, COST, AMAT, ABT, CLX, CEG, AIZ"
2023-01-03 05:00:00,ABT,SELL,182.9862538515863,"COR, CCI, CRM, CBOE, BKNG, ANET, CCL, ADBE, AAPL, AMD, CPRT, AJG, BR, AES, CMI, AVY, CARR, CDNS, AMZN, CE, AME, ANSS, AMP, CL, COST, AMAT, ABT, CLX, CEG, AIZ"
2023-01-03 05:00:00,CLX,SELL,166.525529119373,"COR, CCI, CRM, CBOE, BKNG, ANET, CCL, ADBE, AAPL, AMD, CPRT, AJG, BR, AES, CMI, AVY, CARR, CDNS, AMZN, CE, AME, ANSS, AMP, CL, COST, AMAT, ABT, CLX, CEG, AIZ"
2023-01-03 05:00:00,CEG,BUY,335.77787821756965,"COR, CCI, CRM, CBOE, BKNG, ANET, CCL, ADBE, AAPL, AMD, CPRT, AJG, BR, AES, CMI, AVY, CARR, CDNS, AMZN, CE, AME, ANSS, AMP, CL, COST, AMAT, ABT, CLX, CEG, AIZ"
2023-01-03 05:00:00,AIZ,BUY,1012.9720253759947,"COR, CCI, CRM, CBOE, BKNG, ANET, CCL, ADBE, AAPL, AMD, CPRT, AJG, BR, AES, CMI, AVY, CARR, CDNS, AMZN, CE, AME, ANSS, AMP, CL, COST, AMAT, ABT, CLX, CEG, AIZ"
2023-04-03 04:00:00,COR,BUY,522.1104971353411,"COR, CCI, CRM, CBOE, BKNG, ANET, CCL, ADBE, AAPL, AMD, CPRT, AJG, BR, AES, CMI, AVY, CARR, CDNS, AMZN, CE, AME, ANSS, AMP, CL, COST, AMAT, ABT, CLX, CEG, AIZ"
2023-04-03 04:00:00,CRM,SELL,503.42602475834246,"COR, CCI, CRM, CBOE, BKNG, ANET, CCL, ADBE, AAPL, AMD, CPRT, AJG, BR, AES, CMI, AVY, CARR, CDNS, AMZN, CE, AME, ANSS, AMP, CL, COST, AMAT, ABT, CLX, CEG, AIZ"
2023-04-03 04:00:00,CBOE,BUY,130.08969580528174,"COR, CCI, CRM, CBOE, BKNG, ANET, CCL, ADBE, AAPL, AMD, CPRT, AJG, BR, AES, CMI, AVY, CARR, CDNS, AMZN, CE, AME, ANSS, AMP, CL, COST, AMAT, ABT, CLX, CEG, AIZ"
2023-04-03 04:00:00,BKNG,SELL,649.7143661040745,"COR, CCI, CRM, CBOE, BKNG, ANET, CCL, ADBE, AAPL, AMD, CPRT, AJG, BR, AES, CMI, AVY, CARR, CDNS, AMZN, CE, AME, ANSS, AMP, CL, COST, AMAT, ABT, CLX, CEG, AIZ"
2023-04-03 04:00:00,ANET,SELL,903.4481132169003,"COR, CCI, CRM, CBOE, BKNG, ANET, CCL, ADBE, AAPL, AMD, CPRT, AJG, BR, AES, CMI, AVY, CARR, CDNS, AMZN, CE, AME, ANSS, AMP, CL, COST, AMAT, ABT, CLX, CEG, AIZ"
2023-04-03 04:00:00,CCL,SELL,437.90820647190503,"COR, CCI, CRM, CBOE, BKNG, ANET, CCL, ADBE, AAPL, AMD, CPRT, AJG, BR, AES, CMI, AVY, CARR, CDNS, AMZN, CE, AME, ANSS, AMP, CL, COST, AMAT, ABT, CLX, CEG, AIZ"
2023-04-03 04:00:00,AAPL,SELL,709.69577914809,"COR, CCI, CRM, CBOE, BKNG, ANET, CCL, ADBE, AAPL, AMD, CPRT, AJG, BR, AES, CMI, AVY, CARR, CDNS, AMZN, CE, AME, ANSS, AMP, CL, COST, AMAT, ABT, CLX, CEG, AIZ"
2023-04-03 04:00:00,AMD,SELL,1338.3423148269358,"COR, CCI, CRM, CBOE, BKNG, ANET, CCL, ADBE, AAPL, AMD, CPRT, AJG, BR, AES, CMI, AVY, CARR, CDNS, AMZN, CE, AME, ANSS, AMP, CL, COST, AMAT, ABT, CLX, CEG, AIZ"
2023-04-03 04:00:00,CPRT,SELL,358.0420348794678,"COR, CCI, CRM, CBOE, BKNG, ANET, CCL, ADBE, AAPL, AMD, CPRT, AJG, BR, AES, CMI, AVY, CARR, CDNS, AMZN, CE, AME, ANSS, AMP, CL, COST, AMAT, ABT, CLX, CEG, AIZ"
2023-04-03 04:00:00,AJG,BUY,279.30755916254975,"COR, CCI, CRM, CBOE, BKNG, ANET, CCL, ADBE, AAPL, AMD, CPRT, AJG, BR, AES, CMI, AVY, CARR, CDNS, AMZN, CE, AME, ANSS, AMP, CL, COST, AMAT, ABT, CLX, CEG, AIZ"
2023-04-03 04:00:00,BR,BUY,163.4661578289697,"COR, CCI, CRM, CBOE, BKNG, ANET, CCL, ADBE, AAPL, AMD, CPRT, AJG, BR, AES, CMI, AVY, CARR, CDNS, AMZN, CE, AME, ANSS, AMP, CL, COST, AMAT, ABT, CLX, CEG, AIZ"
2023-04-03 04:00:00,AES,BUY,974.148639761826,"COR, CCI, CRM, CBOE, BKNG, ANET, CCL, ADBE, AAPL, AMD, CPRT, AJG, BR, AES, CMI, AVY, CARR, CDNS, AMZN, CE, AME, ANSS, AMP, CL, COST, AMAT, ABT, CLX, CEG, AIZ"
2023-04-03 04:00:00,CMI,BUY,474.9833457190048,"COR, CCI, CRM, CBOE, BKNG, ANET, CCL, ADBE, AAPL, AMD, CPRT, AJG, BR, AES, CMI, AVY, CARR, CDNS, AMZN, CE, AME, ANSS, AMP, CL, COST, AMAT, ABT, CLX, CEG, AIZ"
2023-04-03 04:00:00,AVY,BUY,532.7717061991821,"COR, CCI, CRM, CBOE, BKNG, ANET, CCL, ADBE, AAPL, AMD, CPRT, AJG, BR, AES, CMI, AVY, CARR, CDNS, AMZN, CE, AME, ANSS, AMP, CL, COST, AMAT, ABT, CLX, CEG, AIZ"
2023-04-03 04:00:00,CDNS,SELL,694.1282115372042,"COR, CCI, CRM, CBOE, BKNG, ANET, CCL, ADBE, AAPL, AMD, CPRT, AJG, BR, AES, CMI, AVY, CARR, CDNS, AMZN, CE, AME, ANSS, AMP, CL, COST, AMAT, ABT, CLX, CEG, AIZ"
2023-04-03 04:00:00,AMZN,SELL,236.2605949879608,"COR, CCI, CRM, CBOE, BKNG, ANET, CCL, ADBE, AAPL, AMD, CPRT, AJG, BR, AES, CMI, AVY, CARR, CDNS, AMZN, CE, AME, ANSS, AMP, CL, COST, AMAT, ABT, CLX, CEG, AIZ"
2023-04-03 04:00:00,CE,BUY,206.80632453758471,"COR, CCI, CRM, CBOE, BKNG, ANET, CCL, ADBE, AAPL, AMD, CPRT, AJG, BR, AES, CMI, AVY, CARR, CDNS, AMZN, CE, AME, ANSS, AMP, CL, COST, AMAT, ABT, CLX, CEG, AIZ"
2023-04-03 04:00:00,AME,BUY,347.2645548913424,"COR, CCI, CRM, CBOE, BKNG, ANET, CCL, ADBE, AAPL, AMD, CPRT, AJG, BR, AES, CMI, AVY, CARR, CDNS, AMZN, CE, AME, ANSS, AMP, CL, COST, AMAT, ABT, CLX, CEG, AIZ"
2023-04-03 04:00:00,ANSS,SELL,892.6476181141335,"COR, CCI, CRM, CBOE, BKNG, ANET, CCL, ADBE, AAPL, AMD, CPRT, AJG, BR, AES, CMI, AVY, CARR, CDNS, AMZN, CE, AME, ANSS, AMP, CL, COST, AMAT, ABT, CLX, CEG, AIZ"
2023-04-03 04:00:00,AMP,BUY,489.5895572922491,"COR, CCI, CRM, CBOE, BKNG, ANET, CCL, ADBE, AAPL, AMD, CPRT, AJG, BR, AES, CMI, AVY, CARR, CDNS, AMZN, CE, AME, ANSS, AMP, CL, COST, AMAT, ABT, CLX, CEG, AIZ"
2023-04-03 04:00:00,CL,BUY,606.8490124032401,"COR, CCI, CRM, CBOE, BKNG, ANET, CCL, ADBE, AAPL, AMD, CPRT, AJG, BR, AES, CMI, AVY, CARR, CDNS, AMZN, CE, AME, ANSS, AMP, CL, COST, AMAT, ABT, CLX, CEG, AIZ"
2023-04-03 04:00:00,COST,BUY,102.42133073391369,"COR, CCI, CRM, CBOE, BKNG, ANET, CCL, ADBE, AAPL, AMD, CPRT, AJG, BR, AES, CMI, AVY, CARR, CDNS, AMZN, CE, AME, ANSS, AMP, CL, COST, AMAT, ABT, CLX, CEG, AIZ"
2023-04-03 04:00:00,AMAT,SELL,485.5293504848987,"COR, CCI, CRM, CBOE, BKNG, ANET, CCL, ADBE, AAPL, AMD, CPRT, AJG, BR, AES, CMI, AVY, CARR, CDNS, AMZN, CE, AME, ANSS, AMP, CL, COST, AMAT, ABT, CLX, CEG, AIZ"
2023-04-03 04:00:00,ABT,BUY,695.275458892464,"COR, CCI, CRM, CBOE, BKNG, ANET, CCL, ADBE, AAPL, AMD, CPRT, AJG, BR, AES, CMI, AVY, CARR, CDNS, AMZN, CE, AME, ANSS, AMP, CL, COST, AMAT, ABT, CLX, CEG, AIZ"
2023-04-03 04:00:00,CEG,BUY,666.1225729834832,"COR, CCI, CRM, CBOE, BKNG, ANET, CCL, ADBE, AAPL, AMD, CPRT, AJG, BR, AES, CMI, AVY, CARR, CDNS, AMZN, CE, AME, ANSS, AMP, CL, COST, AMAT, ABT, CLX, CEG, AIZ"
2023-04-03 04:00:00,AIZ,BUY,674.2925564509701,"COR, CCI, CRM, CBOE, BKNG, ANET, CCL, ADBE, AAPL, AMD, CPRT, AJG, BR, AES, CMI, AVY, CARR, CDNS, AMZN, CE, AME, ANSS, AMP, CL, COST, AMAT, ABT, CLX, CEG, AIZ"
2023-07-03 04:00:00,COR,BUY,424.8287193056158,"COR, CCI, CRM, CBOE, BKNG, ANET, CCL, ADBE, AAPL, AMD, CPRT, AJG, BR, AES, CMI, AVY, CARR, CDNS, AMZN, CE, AME, ANSS, AMP, CL, COST, AMAT, ABT, CLX, CEG, AIZ"
2023-07-03 04:00:00,CRM,BUY,120.90488032419489,"COR, CCI, CRM, CBOE, BKNG, ANET, CCL, ADBE, AAPL, AMD, CPRT, AJG, BR, AES, CMI, AVY, CARR, CDNS, AMZN, CE, AME, ANSS, AMP, CL, COST, AMAT, ABT, CLX, CEG, AIZ"
2023-07-03 04:00:00,CBOE,BUY,341.68903343364036,"COR, CCI, CRM, CBOE, BKNG, ANET, CCL, ADBE, AAPL, AMD, CPRT, AJG, BR, AES, CMI, AVY, CARR, CDNS, AMZN, CE, AME, ANSS, AMP, CL, COST, AMAT, ABT, CLX, CEG, AIZ"
2023-07-03 04:00:00,CCL,SELL,3127.15160254331,"COR, CCI, CRM, CBOE, BKNG, ANET, CCL, ADBE, AAPL, AMD, CPRT, AJG, BR, AES, CMI, AVY, CARR, CDNS, AMZN, CE, AME, ANSS, AMP, CL, COST, AMAT, ABT, CLX, CEG, AIZ"
2023-07-03 04:00:00,ADBE,SELL,675.0733917742418,"COR, CCI, CRM, CBOE, BKNG, ANET, CCL, ADBE, AAPL, AMD, CPRT, AJG, BR, AES, CMI, AVY, CARR, CDNS, AMZN, CE, AME, ANSS, AMP, CL, COST, AMAT, ABT, CLX, CEG, AIZ"
2023-07-03 04:00:00,AAPL,SELL,198.3950144962464,"COR, CCI, CRM, CBOE, BKNG, ANET, CCL, ADBE, AAPL, AMD, CPRT, AJG, BR, AES, CMI, AVY, CARR, CDNS, AMZN, CE, AME, ANSS, AMP, CL, COST, AMAT, ABT, CLX, CEG, AIZ"
2023-07-03 04:00:00,AMD,SELL,360.8862790380035,"COR, CCI, CRM, CBOE, BKNG, ANET, CCL, ADBE, AAPL, AMD, CPRT, AJG, BR, AES, CMI, AVY, CARR, CDNS, AMZN, CE, AME, ANSS, AMP, CL, COST, AMAT, ABT, CLX, CEG, AIZ"
2023-07-03 04:00:00,CPRT,SELL,345.9942039101261,"COR, CCI, CRM, CBOE, BKNG, ANET, CCL, ADBE, AAPL, AMD, CPRT, AJG, BR, AES, CMI, AVY, CARR, CDNS, AMZN, CE, AME, ANSS, AMP, CL, COST, AMAT, ABT, CLX, CEG, AIZ"
2023-07-03 04:00:00,AES,BUY,879.6041086704804,"COR, CCI, CRM, CBOE, BKNG, ANET, CCL, ADBE, AAPL, AMD, CPRT, AJG, BR, AES, CMI, AVY, CARR, CDNS, AMZN, CE, AME, ANSS, AMP, CL, COST, AMAT, ABT, CLX, CEG, AIZ"
2023-07-03 04:00:00,CMI,BUY,263.72239284843454,"COR, CCI, CRM, CBOE, BKNG, ANET, CCL, ADBE, AAPL, AMD, CPRT, AJG, BR, AES, CMI, AVY, CARR, CDNS, AMZN, CE, AME, ANSS, AMP, CL, COST, AMAT, ABT, CLX, CEG, AIZ"
2023-07-03 04:00:00,AVY,BUY,532.6062864331725,"COR, CCI, CRM, CBOE, BKNG, ANET, CCL, ADBE, AAPL, AMD, CPRT, AJG, BR, AES, CMI, AVY, CARR, CDNS, AMZN, CE, AME, ANSS, AMP, CL, COST, AMAT, ABT, CLX, CEG, AIZ"
2023-07-03 04:00:00,CARR,BUY,156.08324096660817,"COR, CCI, CRM, CBOE, BKNG, ANET, CCL, ADBE, AAPL, AMD, CPRT, AJG, BR, AES, CMI, AVY, CARR, CDNS, AMZN, CE, AME, ANSS, AMP, CL, COST, AMAT, ABT, CLX, CEG, AIZ"
2023-07-03 04:00:00,AMZN,SELL,644.8777945596948,"COR, CCI, CRM, CBOE, BKNG, ANET, CCL, ADBE, AAPL, AMD, CPRT, AJG, BR, AES, CMI, AVY, CARR, CDNS, AMZN, CE, AME, ANSS, AMP, CL, COST, AMAT, ABT, CLX, CEG, AIZ"
2023-07-03 04:00:00,CE,BUY,142.09159404398997,"COR, CCI, CRM, CBOE, BKNG, ANET, CCL, ADBE, AAPL, AMD, CPRT, AJG, BR, AES, CMI, AVY, CARR, CDNS, AMZN, CE, AME, ANSS, AMP, CL, COST, AMAT, ABT, CLX, CEG, AIZ"
2023-07-03 04:00:00,ANSS,BUY,454.1274298514495,"COR, CCI, CRM, CBOE, BKNG, ANET, CCL, ADBE, AAPL, AMD, CPRT, AJG, BR, AES, CMI, AVY, CARR, CDNS, AMZN, CE, AME, ANSS, AMP, CL, COST, AMAT, ABT, CLX, CEG, AIZ"
2023-07-03 04:00:00,CL,BUY,331.7854139643955,"COR, CCI, CRM, CBOE, BKNG, ANET, CCL, ADBE, AAPL, AMD, CPRT, AJG, BR, AES, CMI, AVY, CARR, CDNS, AMZN, CE, AME, ANSS, AMP, CL, COST, AMAT, ABT, CLX, CEG, AIZ"
2023-07-03 04:00:00,AMAT,SELL,320.6916959498558,"COR, CCI, CRM, CBOE, BKNG, ANET, CCL, ADBE, AAPL, AMD, CPRT, AJG, BR, AES, CMI, AVY, CARR, CDNS, AMZN, CE, AME, ANSS, AMP, CL, COST, AMAT, ABT, CLX, CEG, AIZ"
2023-07-03 04:00:00,ABT,BUY,206.52383521216325,"COR, CCI, CRM, CBOE, BKNG, ANET, CCL, ADBE, AAPL, AMD, CPRT, AJG, BR, AES, CMI, AVY, CARR, CDNS, AMZN, CE, AME, ANSS, AMP, CL, COST, AMAT, ABT, CLX, CEG, AIZ"
2023-07-03 04:00:00,CLX,BUY,420.27560043027916,"COR, CCI, CRM, CBOE, BKNG, ANET, CCL, ADBE, AAPL, AMD, CPRT, AJG, BR, AES, CMI, AVY, CARR, CDNS, AMZN, CE, AME, ANSS, AMP, CL, COST, AMAT, ABT, CLX, CEG, AIZ"
2023-07-03 04:00:00,CEG,SELL,345.3219255512813,"COR, CCI, CRM, CBOE, BKNG, ANET, CCL, ADBE, AAPL, AMD, CPRT, AJG, BR, AES, CMI, AVY, CARR, CDNS, AMZN, CE, AME, ANSS, AMP, CL, COST, AMAT, ABT, CLX, CEG, AIZ"
2023-07-03 04:00:00,AIZ,BUY,191.39572752819186,"COR, CCI, CRM, CBOE, BKNG, ANET, CCL, ADBE, AAPL, AMD, CPRT, AJG, BR, AES, CMI, AVY, CARR, CDNS, AMZN, CE, AME, ANSS, AMP, CL, COST, AMAT, ABT, CLX, CEG, AIZ"
2023-10-02 04:00:00,COR,SELL,326.9610107507997,"COR, CCI, CRM, CBOE, BKNG, ANET, CCL, ADBE, AAPL, AMD, CPRT, AJG, BR, AES, CMI, AVY, CARR, CDNS, AMZN, CE, AME, ANSS, AMP, CL, COST, AMAT, ABT, CLX, CEG, AIZ"
2023-10-02 04:00:00,CCI,BUY,2227.591731045687,"COR, CCI, CRM, CBOE, BKNG, ANET, CCL, ADBE, AAPL, AMD, CPRT, AJG, BR, AES, CMI, AVY, CARR, CDNS, AMZN, CE, AME, ANSS, AMP, CL, COST, AMAT, ABT, CLX, CEG, AIZ"
2023-10-02 04:00:00,CBOE,SELL,694.0316316014159,"COR, CCI, CRM, CBOE, BKNG, ANET, CCL, ADBE, AAPL, AMD, CPRT, AJG, BR, AES, CMI, AVY, CARR, CDNS, AMZN, CE, AME, ANSS, AMP, CL, COST, AMAT, ABT, CLX, CEG, AIZ"
2023-10-02 04:00:00,BKNG,SELL,286.464017384812,"COR, CCI, CRM, CBOE, BKNG, ANET, CCL, ADBE, AAPL, AMD, CPRT, AJG, BR, AES, CMI, AVY, CARR, CDNS, AMZN, CE, AME, ANSS, AMP, CL, COST, AMAT, ABT, CLX, CEG, AIZ"
2023-10-02 04:00:00,ANET,SELL,124.35354367722174,"COR, CCI, CRM, CBOE, BKNG, ANET, CCL, ADBE, AAPL, AMD, CPRT, AJG, BR, AES, CMI, AVY, CARR, CDNS, AMZN, CE, AME, ANSS, AMP, CL, COST, AMAT, ABT, CLX, CEG, AIZ"
2023-10-02 04:00:00,CCL,BUY,1146.6395187535422,"COR, CCI, CRM, CBOE, BKNG, ANET, CCL, ADBE, AAPL, AMD, CPRT, AJG, BR, AES, CMI, AVY, CARR, CDNS, AMZN, CE, AME, ANSS, AMP, CL, COST, AMAT, ABT, CLX, CEG, AIZ"
2023-10-02 04:00:00,ADBE,SELL,400.92813316783577,"COR, CCI, CRM, CBOE, BKNG, ANET, CCL, ADBE, AAPL, AMD, CPRT, AJG, BR, AES, CMI, AVY, CARR, CDNS, AMZN, CE, AME, ANSS, AMP, CL, COST, AMAT, ABT, CLX, CEG, AIZ"
2023-10-02 04:00:00,AAPL,BUY,346.3859961066537,"COR, CCI, CRM, CBOE, BKNG, ANET, CCL, ADBE, AAPL, AMD, CPRT, AJG, BR, AES, CMI, AVY, CARR, CDNS, AMZN, CE, AME, ANSS, AMP, CL, COST, AMAT, ABT, CLX, CEG, AIZ"
2023-10-02 04:00:00,AMD,BUY,395.0132519473841,"COR, CCI, CRM, CBOE, BKNG, ANET, CCL, ADBE, AAPL, AMD, CPRT, AJG, BR, AES, CMI, AVY, CARR, CDNS, AMZN, CE, AME, ANSS, AMP, CL, COST, AMAT, ABT, CLX, CEG, AIZ"
2023-10-02 04:00:00,AJG,SELL,298.14850210071836,"COR, CCI, CRM, CBOE, BKNG, ANET, CCL, ADBE, AAPL, AMD, CPRT, AJG, BR, AES, CMI, AVY, CARR, CDNS, AMZN, CE, AME, ANSS, AMP, CL, COST, AMAT, ABT, CLX, CEG, AIZ"
2023-10-02 04:00:00,BR,SELL,515.4746479167716,"COR, CCI, CRM, CBOE, BKNG, ANET, CCL, ADBE, AAPL, AMD, CPRT, AJG, BR, AES, CMI, AVY, CARR, CDNS, AMZN, CE, AME, ANSS, AMP, CL, COST, AMAT, ABT, CLX, CEG, AIZ"
2023-10-02 04:00:00,CMI,BUY,323.5784648943113,"COR, CCI, CRM, CBOE, BKNG, ANET, CCL, ADBE, AAPL, AMD, CPRT, AJG, BR, AES, CMI, AVY, CARR, CDNS, AMZN, CE, AME, ANSS, AMP, CL, COST, AMAT, ABT, CLX, CEG, AIZ"
2023-10-02 04:00:00,AVY,SELL,280.1131156398669,"COR, CCI, CRM, CBOE, BKNG, ANET, CCL, ADBE, AAPL, AMD, CPRT, AJG, BR, AES, CMI, AVY, CARR, CDNS, AMZN, CE, AME, ANSS, AMP, CL, COST, AMAT, ABT, CLX, CEG, AIZ"
2023-10-02 04:00:00,CARR,SELL,472.0524974998953,"COR, CCI, CRM, CBOE, BKNG, ANET, CCL, ADBE, AAPL, AMD, CPRT, AJG, BR, AES, CMI, AVY, CARR, CDNS, AMZN, CE, AME, ANSS, AMP, CL, COST, AMAT, ABT, CLX, CEG, AIZ"
2023-10-02 04:00:00,CDNS,SELL,120.7626658174804,"COR, CCI, CRM, CBOE, BKNG, ANET, CCL, ADBE, AAPL, AMD, CPRT, AJG, BR, AES, CMI, AVY, CARR, CDNS, AMZN, CE, AME, ANSS, AMP, CL, COST, AMAT, ABT, CLX, CEG, AIZ"
2023-10-02 04:00:00,CE,SELL,245.07621154005668,"COR, CCI, CRM, CBOE, BKNG, ANET, CCL, ADBE, AAPL, AMD, CPRT, AJG, BR, AES, CMI, AVY, CARR, CDNS, AMZN, CE, AME, ANSS, AMP, CL, COST, AMAT, ABT, CLX, CEG, AIZ"
2023-10-02 04:00:00,AME,BUY,260.4009939026482,"COR, CCI, CRM, CBOE, BKNG, ANET, CCL, ADBE, AAPL, AMD, CPRT, AJG, BR, AES, CMI, AVY, CARR, CDNS, AMZN, CE, AME, ANSS, AMP, CL, COST, AMAT, ABT, CLX, CEG, AIZ"
2023-10-02 04:00:00,ANSS,BUY,316.5614167389963,"COR, CCI, CRM, CBOE, BKNG, ANET, CCL, ADBE, AAPL, AMD, CPRT, AJG, BR, AES, CMI, AVY, CARR, CDNS, AMZN, CE, AME, ANSS, AMP, CL, COST, AMAT, ABT, CLX, CEG, AIZ"
2023-10-02 04:00:00,CL,BUY,283.0718902997846,"COR, CCI, CRM, CBOE, BKNG, ANET, CCL, ADBE, AAPL, AMD, CPRT, AJG, BR, AES, CMI, AVY, CARR, CDNS, AMZN, CE, AME, ANSS, AMP, CL, COST, AMAT, ABT, CLX, CEG, AIZ"
2023-10-02 04:00:00,COST,SELL,241.7343129611354,"COR, CCI, CRM, CBOE, BKNG, ANET, CCL, ADBE, AAPL, AMD, CPRT, AJG, BR, AES, CMI, AVY, CARR, CDNS, AMZN, CE, AME, ANSS, AMP, CL, COST, AMAT, ABT, CLX, CEG, AIZ"
2023-10-02 04:00:00,AMAT,BUY,100.93502603395609,"COR, CCI, CRM, CBOE, BKNG, ANET, CCL, ADBE, AAPL, AMD, CPRT, AJG, BR, AES, CMI, AVY, CARR, CDNS, AMZN, CE, AME, ANSS, AMP, CL, COST, AMAT, ABT, CLX, CEG, AIZ"
2023-10-02 04:00:00,ABT,BUY,389.7984609494738,"COR, CCI, CRM, CBOE, BKNG, ANET, CCL, ADBE, AAPL, AMD, CPRT, AJG, BR, AES, CMI, AVY, CARR, CDNS, AMZN, CE, AME, ANSS, AMP, CL, COST, AMAT, ABT, CLX, CEG, AIZ"
2023-10-02 04:00:00,CLX,BUY,738.65555681164,"COR, CCI, CRM, CBOE, BKNG, ANET, CCL, ADBE, AAPL, AMD, CPRT, AJG, BR, AES, CMI, AVY, CARR, CDNS, AMZN, CE, AME, ANSS, AMP, CL, COST, AMAT, ABT, CLX, CEG, AIZ"
2023-10-02 04:00:00,CEG,SELL,703.4012319244666,"COR, CCI, CRM, CBOE, BKNG, ANET, CCL, ADBE, AAPL, AMD, CPRT, AJG, BR, AES, CMI, AVY, CARR, CDNS, AMZN, CE, AME, ANSS, AMP, CL, COST, AMAT, ABT, CLX, CEG, AIZ"
2023-10-02 04:00:00,AIZ,SELL,721.8510872137958,"COR, CCI, CRM, CBOE, BKNG, ANET, CCL, ADBE, AAPL, AMD, CPRT, AJG, BR, AES, CMI, AVY, CARR, CDNS, AMZN, CE, AME, ANSS, AMP, CL, COST, AMAT, ABT, CLX, CEG, AIZ"
